gesture,subject_id,trial_id,target,domain
CJHBJBEDECEHJJBBDEECEJHBBJEECEHJBDJBEEEJHBJBDCEEEHBDBJCJEEEHBJDBCJEEDJBEBCJHEEDJBBECJHEDEJECJHCBEDEECJHCJBEEDECJHCBJEDEECJHJCBDEECEJHCBBEECEJHDBCJEECEJHCDBJEEEJHCDBJCEEEHDCBJCJEEHDCBJECJECDCEBJCJHECCDBECHJJCDJCCJHEBJCDJCCJHEBJCDJCCJHEJBDJCCCFHBJEDJCCJFHIJBCJCJFHDBJIJCJAFIDBJCJCJFADIBJCJCJAIDBJCFJJDICBJCFAJJIDBJCCFAJIDJBCCFAJJDJCCEAIBJJDJCCEAIIBJDJCCEABIIDCJCJAEIBIDJCJEAJIIBJCIJEAIDHIJCIAAIDHHJJCAAAIDHHJJCAAIDHHJAJADHHCHJAAJADHHHCJAAAHDJHCJAAHADJCJAAHHHADJCJAAHHHADCJJAAHHHDJJJAAAHHHDJJJAAAHHHJJAJAAHDHHJJAAAHDHHJJIAEBHDHJAIEAEDHHBJAEABDHIBJAEEABHDBIJAEADHAIJEABBADAIJAJHBBAAIDJAJHBBAIADJAJBHBDAIBAJABBDAIBAAJBBIABAAJBDBAIAJGBDBBAIAJBDBBGAIAJDBBBGAABDHBBGJAHBDBHBGJHDAHBGJBBHDHABGJBBHDHABGJBBHDAHBGJBBDHABHGJBJHABHJGBDJHJBJHGBDJJHHGJBDJBJHHJDBJBGJJHBDAJBGJHDHJABGJJHDHAJJGJHDJAJGJHJHDAJJHJHJHDAJJHJHJDJAJHHJHJDHAJHHHHJAHJHHHHDJAHHHHDJHJAHHHHHDJJHAHHHDJJHHDHAJJHHHDAHJJHHHDAHJHHJDAHJHHHJIAHJHHHIAHJHHHIAHJHHHIHAJHHHAHJHHHIAHHHHIAGJHHDAGHDJGDAJHGDAJGDAAJGDAAGJDAAJGADAJGDAAJGADAJGAAGJDAAJDAADJAHDJAHDJADHJDHAJDHAJDAHJADHJADHJADHJAHJAHJAHJHAJAHJAHJAHAHHAAHHAAHAHHHHH,1,1,9,1
BEJHJJEEBEJHJDJBEBEJEHJDJBEEBJHDJJEBEEBJHDJJEBEEBJHDJBEEBEJJHDJBEEJBHDJEBEJEJBHDJEEJBJEHBEDBEJEJJJDEJJEHEJJDEJJEJHJJDEEJJECHJJEEJEJJDBJCEJEEJJDBJCEJEJJDJBECEJEJJDBJECJEEJJDBCEEJJJEDBECJJEJJJDBJCJCJJDJBJJCJCJJDJJJIJBCJJDJJIJJBCJDJJIJJJJBDCJJJJIJBFJJCJJJDBAIJJCJJJDBAIJJCJJDBAIJCJJJJDABJIJCJJJDBJIJCAJDJBIJJJACJDJBJIJACJDJJBJJIACDJJJJHEACBDJJJJHEACBJDJJJHEABJCHJJHEDABHACJJEDABHAEHJEADBJHHAEJEDABJHHEAJEDAHJBHAEJEDHJBAHEEDAHFJBHAEEDAHFBJEEEDAHHBJFEEDHAFJBEHEEHDAJFBEEHDAHIBAJEEHAIHAJEDHEBAHIJAEEHDBAIHJEHEDABBAIJEHDEABAIBJEEDHBAABIJEDHABBEIEADHABJBEIEDAABJEAEDABABJEAADBJBAAJADABABJAJDABAJABAJABAJAAJDBABAAJADJBABAJAJDBABAAJAJDBAJGAJADABJAHJJADABJAJADHJFBJJAADHFJHJAADJHHJJJADHJHJJAJAJDHJHJAJDJHAHJBAJJHABJAJDHHAJBJADJHJHABADJJHJHABADJHJJHABADHJJAJADHBHHJJAAIHHBHJAAIJHBHHJAAIHJBHHJAJHIHBHAJAJHIHHBGJJIHAHHBGJAHBGIJHAHBGIJABHIJHAJHIJHAJHIHAJHIHJJAHIHJJAHDHJHADGJHHADJGHHADGJHHHGJHDHHGJHHDHJHDHGHJHHDAHJHHDAHJHDAGHHDJAGHHDAJGHHDJAGHDAJHHGDAJHGDHAJHGHJAHGDHAJHDGHJHDGAHJHGAHHGAHHAGHHAHHAHHAHAHHHHHHHHHHHHHHH,1,2,9,1
EEEHBDJJBHEEHBDEHJJBEEHBJBHEDEEJHJDEHBBEEJHBBDJEEEJHBEDBJHEJHEDBJEHJEBHEDJBEHJEBHEDEJBHCEJHEBEJHDCHJEEJEBHCDHJEEJEHCJBJHEEHCJBEJJHEFHJJCBJHEEFHCBJEHJEFJHCJBJEEFHBHCBJEJEJBHCJBJJHJJBEBJJJHCJJBECJJJHCJBJECJJJHCJBJEJJJHICBJEJJJJJICJBEJJJJIJCBJEJAICBJJJJEJAICJBJJJEJACJIJJJEBJAICJJJEJJBAIDJJJEBJJIDJJJAJJBEDJJJAHJJBEDJJJAHJJBEDJJJAHJBJEJJJAHDJBEJJJJADJBBEJJAJBDJBJEJABJDJJHJEJABJDJJJEJHAJBJDJJEHJABDJHHEJFHBDJHHAIJFHBDHJHAJHFADJHAABJHFAJDHAABCHFADJHAABCHAFJAHABDCHAJFAHABDCHAAAABDCHHJAAABDJHCAHAAEBDCJHAAHAEBJDCAHAHAEDBJHAAEABJDHAEEAADHJAEBEAADJAHEBEAAJDHAEBEAADJHAEBEAJAHAJBDEAAHAJDBEJAAAJBDEJBAAJJEHDBAAAJDHJEABAAJJHDEBGAAJHDJGBAEGHJDBGJEGADJBHJHEFADJBHJHEFADBHJJHEFAJBHJHDEAJBFHJDHEAFBHJHDEJAJJDHEJBHAJJHIEJBHAJJHBIJEHAGJJIBHAEGJIJJHAHEIJJHJEHAJIJHJEHADJHJJEHADJJHJEHAJJHJDAAJHJHJDAAHJHJDAJAHJDJJAHAHJDAJJHAHJJADJHAHJDJJAHAHJJDAAHDJJHGAHJJDHAGHDJHAGHJDGAGHJGDAHJGGDAHGGDJAHGGADJHGGDJAHGGDAHGGHGAHGGAGGAHGAAHGAAHGAAHGAHAGAHAGAHAGHAGHAGHAAHHAAHAHAHHAHAHHHHHHHHHHHHHHHHHHHHHHHHHHHHHHHHHHHHHHHHHHHHHHHHHHHHHHH,1,3,9,1
BDBJEHJEJDBBEEJHJJEBBEHEJDJJEBBEEHJDJEJBBEEHJDJJEBBJEDEJEHBBJEJBJEEHBBJEBJEJEHBBJEBJEJEHBBJEBJEEJHBJECBEJHJJJEECBEJHJBEECBJEHJEJBCJFEJHBJEBCJFHEJBJBECJFEJJBJEBJCEJJBBEJFCJEJBJEFJJCBEJCEJFJJCBECJJJFJCJBECCJJGJJJBECCJJGJJBEICJFJJCJBECIJAJCBJECIJJAJCJBIJEAJJCEJBIJJEAJCEBJIJAJEJCEBJIJJEACEJJHJBEJCEJJAHJBEJCEJJAHJHECEJJJAHJHECEJAJJHHHECJAJJHEHECBJAJEHJECBHAJJEHJECBHJAJEHJBHAJAJDEHJBHJJAADHEJBHJAAJDEAHBHAAJDEAJBHHAJDAAJABHHAJDAAJABHHADAAAJJBHHADAAJJABHHADAJAJHAHADBFJAAHAABDHEFJAAABDHEFJAABHFEJADAABHEJFADAABHEFAJBAABBEAJBAAFBBAJBAAEFBBABAAEFJBBABAAEAJBBABHAEAJBBABAFAJBHABBFAJAHABBBFAJHABBBAJAJAHBBAJJADHABBAJAJDAHBBAAJJDHABBAJIHAJABBAJIHAJAHBAIHAJAJHJAIAHJAJHJAIGHJAJJAIHAJJJHGAIHJJAHGAIHJAJJGHHJAJABIHHHJAJFJIHHHJJAFJIJHHJAJIJJHFHJAJIJHFJHJAJIHJFJJHAIJHFJJHJAIJHFJJHJAIJHFJJJAIHJJJJHJAIHJJAJHAIHJJAJJHHJAAJJIJHHJAAJJIJHHJAJJHDJHJJGHDJHJHJBJHGJJHBHJGHHBJJGHHBJJHGHBGJHJHBGHJJHBGHJJHBJHGJGHHJBJHHJGBJJGHHBHJGBHHBHGHBHGHBHGHHHGGGGGGGGGGGGGGAAAAAAAAAAAAAAAAAAAAAAAAAA,1,4,9,1
BFBBJEEDBEBFBEEJBDBEBFBBEEJDBBFBEJEBEBCDFEBEJEBBCDEFBEJEBBDEBEJEJCFBDEBEJECJFBDEEJCJFBJEBEEJCJFHJEBEJCFHJEEJEBCFHEJJEBEJCFHJBEEBJECFHEBEJBEJCFHJEEBJCBFEHEEBJJCBEJHEEBJJBEHEBECJJJBEHEBECJJJBEHEEBCJJJBEABCJJHJEBFACJJJJBEBFJJJJJABEBFJJJBAEJBFJIJAJEBABFJIJAJAEBBFHIAJJABEHBFIJAHEAHJCIJJAHEAHJJCAHEABJHJCAJEHABJHJCJAAHEBJHJCJAHBJHAJECJABHJAJEHCJBHJAJHAECJBJAAHEJCJHBAJJEAHCJHBAJHJEHCHJBJAJHHEHCBJAJHHEHJCBAJJHEHHJCJAHHABHFJCAJHAHBHFJDJHAHBHAFJDJHBHFAJADJHBHFAJADJBEFJAHDHJBEFJAHDHABFEJAHDHABFFAJHDHBAFFJAHHBDFFAAHHJBFDFAAHHJDAFAHBFHJDAFAHBBFJDAAHBBFFJBAHBBFJJABABBFJHAJBABJFAJHBBABFJAHJBABBJFJAHBABBJFAJHBBBJAFJABBBBJAFBABBBFBAJABBBBAJABBJBBBJABABJJBBABHJJJBABABHJJJBABAHJJJBBAABHJJBABBJAHJJABBBJAHJJBABJBAHJJBABJHBJGJABJBHBJGJAJJBIGJAJHJJBIHJJAHJHBIHJAJHJHBIHJHJHJABIHJHHJJBAIHJJHJBAIHHJAJBIJHHJABJIJHHJJBAIJHHJAJBIHHJAJBIHHHAJBIHHJAHBIHHACHBIHHACHBIHCHHBAICGHABIGHCAHIGHCAHIGHAHCIGHCHAIGHEHAIHGAEHIGGEAHBGEAGJBGGEGJBHEGGJBEGGHJBEGJHBGEJHBAJHEBAJEHBAHEJBAHEABEHBAEHHEHEHEEE,1,5,9,1
EBBBJEEEBEBBBJEEBBEBEBJEBEBBEBEBJBEBBEBEEBBJBBEEEBEJJBBBEEEBEJBBJEEJBEEJBJEBEEJEJBBJEJBEEJBEJEEJBBEJBEJBJEEEBJBECBJEEEBJJECBEJEBEJFJBEEJBCEJFJEEBBBCEJFJBBEBCEEJJJBBBCEEEJJJBBCEEJEBJJBBCEEBJEJJBCEEEJBJJBBCEEEBJIHJEBEEBAJIHJEECBEAJIJJIEBCAEJJJIEBCAJIEJJICEABJIEJJHABCJEIJJJHCABJIJJEJHCBJIJAEJJHCJJJJEBAJHCBJEBAJHJJCJBAEJBJHJCBJJEABHJJCJBJAEBHJJBCAJHEJHJJBACEJHFJJHJHACFBAJJHIHJAFBJAJHIAHFBJJAJHIHFBAAJJJHIHFBAJJAJHIFBHJAHJJHIBJAHJHHJFIBJHJHAHFIFBJHAHJHAFBBAAHHJHAFBBAAHHHAJFBBAAHHAHFHBAHHABAHHFBAHABAHHFBHABAHAHFBABAHHAHFBABAHHAHFBABAHAHHFBBAAHHHFABBHAHAHABFBAHHABAFBBAHHABAFBBAHAAHBFBABHAAHFBBABEBAHFBBABEBHABFBBEBAHAJJBEBABAJHJIEBAHABJJIEBAABHJJIBBAAHJJEIBBAAHJFJIBHAABJFJBIBAHAJFJHIABAFHJJHIAJFAHJJIAJJHHAJJIJAJHAHJJIJJHGAHJJIJHJAGHJHIJHGJHAJHIJHGJAHJHIHJHHAHHJIHCHAHHJHHCIHAHHJHHICHHAHJHHIHCGJHHHIHCJHGHHHICHJHHHHHICJHHHHHHCBJHHHHHHBJHHCHHHHBJHCHHHHHBHHEHHHHJBHEHHHHJBHEHGHJHHBHEHGJHHBEHGHJHEBHGJHHBEJGHGBEGHGBEGHGBGEHGGEHGGEHGEHGGEHGGEHGGEHGGEGHGEGHAEGHAEGHAEGHAGHAHAHAHAHAHHHHHHHHHHHHHHHHHHHHHHHHHHHHHHH,1,6,9,1
EEBJBEEDHBEEBJEEDHEBBBJEEEDBEBBBEEEBEJBDBBEEEHEJBDBBEEEHJBDBJEEEEHJBDJBEEEHCEBBDJEECBEEDBJHEECBEEDBJHEECEBEDBHEEJEJBEDBHEFJJEEDBHFEBJIEJDHFBBJEJEIDHFBJBEAEHFCJDJBEEAHFJCDBJEAEHJCDBJEFAEHJCDJBEJHJCAEDBJEJJCEADBJHEJJCAEDJBHJECJAJDBGEJJCBJADBGEJJBAJDBGJECJAJBDGJCJBEJADGCJBHBEAJAJBCDHBEJAAJBCDBHEAJABCDBHJEAJACBDBHEJABCAJDBHJECBJADHBAJEBCJHDBHAAJCBHJDBAAJHBCJHDBAAJHBHJDAJCHBABHJDAJCBHAGHAJBCDBHAGHAJBBDHBAAHABJBDHBAAHABBDBHAJAHABBDHBAFABBHADBHFABBAHDEHBAFBBHADHEBAFBBAHDBEFAHBBHADEBFAHBHADAFBBHABAHDEFBBHAAHAFBBBHAAHEFBBHBAHAEFBBBHAAHABBBHAFAHABBHBAFABIAHBBAFBIBABABAFBIABBAAFBBBIABAAFBHIABBAAFBHBAAFIBBAHABAFIHBAABAFHIHBAABAFIHBHABGEIHHBAFGBEHIBHAFJEIHGBHAFJHGIBHEAFHJIHHBEAFIJHHEAFBJIHHEAFBJHHEFAIBJHEFIJHAJHFFBJHACHFJBJHGHCFJBHJGCHJBHJGJCHJBHJGJJCBHJHGJBCHJJHGJCHBHJJJGBCHHJGJJBCHHJGJJCHHJGJBJEHJJBHJGEHJJBJHEGHJHHJGEHJHHJGEHJJHEHHJJHHJEJHHEJHHEJHHEJHHEHJHEJHHEJHHEJHHEJHHEJHHEJHHEJHHJEHGEGHGEGHGEHGGEHGGEGGHEGGHGGHGGHGGHGHGGHGGHAGHAGHAGHAGHAGAHGAHGAHGAHHAHAHAHAHAHAHHH,1,7,9,1
EECHEBBEBBEECBHEBEBBEECEBHEBBBEECHEJBEJBEECJJEEBHEECJJJEEBHEEJCJEJEHJCBJEEJEEHJCJBEEJHFEJCJBEEJFHEJBBEEJJFHEJBBEEJJFHEJBEEBJFHEJJBEEFBHJJEBJEFBFHJEJJBFEBFHJJEJBEFBJJEFBHEFBJJEJFHBJEJBJEJJHJBCJJEHEJHBJCJEJHJHEIBCJJEHHJEIBCEJHJGJEICEJHBJGJECIJEBAJJHEICEJBAJJHICHEJBAJJIHHCJEBAJJHIHCEJBJIHCAJEJHBJIHAJJEHBCJHAAJBHCJEJAHAJDCHJEJHAJADHCEJHAJJACIHEJHAJJACHEJHIAJJABCEJIAJJAHBCAEIAJJAHBCAAIAJJHABCAAIAJJHABBAAIJHAABJAABIJBAAFAABIJBBAAFIBBJAABAAFBIBJAABAFHBBAABAJFHBBAABAFJHBBAABAJFHBBAAAJFBHBBAAAJFBHBBAAAFJBHBBAAFJBHABAABJBHBFFAABJBHJAABBJABHJABBJAABJAHBBJAABJAHBBAABJJAHBHAABJAJHHHAAJJAHBHHAAJJAHJIHAAJFJJHHIAGJFJJHHIGAJJHJIFGAHJJHIJFAGHJJBJFHIJAHJBJFHIBAJHJFBHIBHAJJFBIHAHJJBJBIHAHJJJBBIHHAJJBJBIHABJJJBIHAJHJJBIHAJHJJBIAHHJBIJJHAHJBIJJHAHJBJJBHHAJBJHBHHGHJHBBHHGHJHBBHGHJHHCBGHHJHHCBHGJHHCBHGHJHCBHGHHHCBGHHHCBGHCBHHGHCHHGBHCHHBHGCHHBHGHHCGHHHCGHHHCHHHCHGHCHGHCHGHCHGHCHCHAHCAHHCHACHAHACHACHACHAEHAEAHEHAEAEHEEEEEEE,1,8,3,1
EFJJCBBEEEFJJCBJBEEEJFJBCJBEEEJFJCJBBEEEJJFCJBBEEEJFJJBBEEECFJJBJBEEECJJFBJJEEECFJJJBJEEECJFJJEEJBCJJEFEJBBJEEJJFJBBJEJEEFJBBEJEEEJFJEBBJEEEFJJBEBJEEEFJJBBEJEJEFJJCEJJEEBJJFACJEJEBFJJCAJJEEBJFJACJEJEBFJJCAJJEJBFJJJJCBAJEFJJJABCJJEJFJABCJJEJJJFABCIJEJFJFACBIIJJFJFABCHJIJFFJABCHJIJJFFCAHJIJBFJFACHIJJBFFJACHIJJBJFFHCHIJJBJFFCHHJJBJIJFHJHCBIFJJJJCHIHJIJJFICHHJIJJJACIHHJIJJAJCHIHAJJJJAICHHAJJJJAIBHBAJAJAJHBBJAAIJJAHBBHJAIJAJHBBHJAJAJHBBJHAJJAJBJABJJHABAJBAJJHJJBBJHJAJABJBJHAJJAJBBHJAJAJJBBHJAJAJBABFHAJJAABBFHAJAJABBHFAJJAABBHFAJJABABHFAJJAABBFHAJHAABFABJAHHBAABHAHJABABHBAAJAAIBABAJAHAIBBAAHJAIABABAHJAIABABAHAJIABBAAHAJIABBAAJHAAIBBAAHHAIABFBAHHAIBBFAHAHHFAIHHABAIHHFBHAIHBFHAHAIHBJGHGHIHCJGHGHIHCJHHHGIHCJHHHGIHJCHHHGIHCJHHGIHCJHGHIHCJHHGIHCJHHGHHBCJGHHBHHHCGBHHCHHGBHCHHHGBHCHGHBHCHHGBCHHHGBCHHHBCHHHBCHHHBHCHHBHHHCHCHHHHCHCHHCHHHCHHEHEHHEHHGEHEGHGEHGEHGEHEHGAEHAHAHAHAHAHAHAHHHHHHHHHHHHHHHHHHHHHHHHHHHHHH,1,9,3,1
CJBJEEBEEBJBEJEEBCEBJBEEJBECBEJBJEEEBCEBJBBEEEJCEJJEBEEJCBJEEEJEJCBBEEEJJJCBEBEJEEJJCJBEJEJEJCJFEBEJJEBJJBEFEJEJBJFEBJJEJBJBFEJEJEJJFEEJBBEJJJEBJJFBJEJJFJEJBBEJJEJFJBBJEJJFJEJBBJJFJJEEJBJBJFEJJJBJFBJFJJEJBJBFEJJFJBJFJBEFJJJBBFBJJEJBBFJFJBJEJBBJFJCJJEJBFCJJJBEJJJCJJBFBHEJJBFJJCBHEJCJJFJBBHEJJFCJJBBHJJIFJJBBCJIJHJJBBCFJJJHIJBBCFJJIHJBBFCJIHJJBBCJFJHIJBBJCJAJIHJBBAJJJCHIJBCJAJJBIHJBCJJJABIHHBAJJJCBIHHJAJJBBBIHHJJJAIBBJJIHJHIBABJIJHJIHBBAJJHJIHIBABJJIHJIBJABAGHJIBJBFAAHJIBJGFABAHJIBJAGFBHHJBBAJAFIHHJBFJBAAIHHJBJAAFBIHHJAJAFBIBHHJJFAAIBBHAJFHJIBBAAHJFHJIBABAHFJHJIBABHJAHBIBBFAHAHBIHJAFBHHBHAABJFHBBBHAFJABHHHAFAJBHBHHJABAFHBHHBAAJFHBHBAAJFHBHAAFJHHBBFJBAHBHAABFJBHHAHAJBBHHAFHBAJBHHIJAABBHIJAJBBHIGJAJBBHIGJGJBBHJIJGGBBHGIJJGJBHGGJJIBJHIGJJGJBJJHGHIHJJJBHGIJJHBHHGIJCHHHIJGJHCHHIGJJCHIHGHHJCHIHHHGCJHIHHHGJCHHGHHIJCHGBHHJCHHBGHCJHHBHJHCHHBHJCHHBJCHHHBJHCHBHJCHHHBCBHHCHBCBHCHBCHBCBHCGBGCBAEBEABEAEAEAEAEAEAEAEAEAAEAEAEEAEAEAAAAAAAAAAAAAAA,1,10,6,1
EJCJJEECJCEJJJEECCJCEJJJEECCJCJJEEECJCJCJJEEECCJJCJJEEECJCJCEJEEECJCCJEJEEECCJCJEJEECJCCJEJEEECJEJCCEEAJCJEECCEACJJECCCEEACJJECECBACIJECBECCCAEJCECCBEAECCECCJEBAACECBCECJAAJECBCECJAAJCECCEBHHAJCEBCECHHACICEHEBAEICHEHECEBICHEHAECBAIHAEHECCBAIHAJCECEABIHAJECCAEIIHAJECCEAHHEEIJHCEAJHEIIECHAJEAEEIICHAJEAEIEIHAAJCAEIEIHACJAAEIHJCAEHAHAHEAJEHCAHAHEAJCHACHAEJACHHCAHAEJCHHAACHAEJCHAAHCAHEJCHEAAAEAIABAAEAEAAIAEBAAEAAIBIEAAEAIAHAEIAEAAHHEAIEAAHHIAEAAAHHIAIAAAHHIIAAHAHIAIAAAHAAAIHAHAHAAHHAHAHHHAHABHHAAHBHHAAHBHJAHAJHJAHHJJAAHHJAJHHACAJCHAHAJHCHAJHHHJEHHHJEHHEJHHJEHHEJHEJHJJHHJHJHHHH,2,1,8,1
EEIJEBHEJEEJBEIBHEJEEJBEBHIEJEEJIECIHEJEEJEIICEJEEHEJIIECEEHEIJJCECHEJIJEECCEAIJEJECEECAEEEJECEAEEEJEEBEEEAEEJBEEEEAEEJEEBEEEIAIEJEEEEABIEHJEEECBAAEHJEECEBAAEHJECEEBAIHCJACCEBIJAACCJEHBJAAEIJHCHCIHAJEIJHCCHIAJIEJJHCAHJIJHIICAHAJJIIHICAHAJHIAJACHHAJHIACAJEHHHJAIJACHHEHJIAAJJHEHJHAAAIJHHHIEAIAJIHHIEJAJIAIHJHEJIAHHAIHEJJIAHHAIHJEAIBBHAHEIABBHAHAEIABJHAAHIEBJHAHAAIEHJHAHAAIEJHHAAAAEIJHAHAAAAAJHAHHAAAJAAHAAHAEAAAHAAHHAAAAEHHHAAAAAEHHHAAAAHEHAHAAAHHEAHAAAAEHHAHAAAAEHAHAAHAAEHHAHAAAEHHHAAAAHEHAHAAAHHAAHHHAHJAJHAJHAJHAJHJHJHJHHHHHH,2,2,8,1
EEJJJJEECJEJIJJEECJEJAEJEEJCEJAJEJEECEJJJAEJEEECEJAJEJCEECEJJAEJCEEECJJEJCEECAEEEECACJEEEEEECCAEECEEEEACCEAECEEECCAEACEEECEAAEEECCCEAEAECCBEEACECEBCEAIECEBCAECAIEJECECABAIEJJEIBAIAEIJJAIHEIAJIJIEHIEAAIJIIEJAHCAIJIEIJHHACIJIEJIHEAAAJIIEJHAEAAEJHJIAAEIEJAHJIAIJEEJAJIIJAEHEJAJAIEHJHEJAJAIIHHHEJAJAIHIHHEJAJAHIIHAJAJIEEIHAHAIJHEAEAAAAJHEAAEAAAJIEAEAAAAJAAEIAAAJAAAEAIAAJHAEAAAAAHHAEAAAAHHAAEAAAAHAHAEAAAAAHHHEAAAAHHHEAAAAHHHAAEAAHHHAEAAHHHACAHHHAAHHHAHHHAHHAHHAHHAHJAJAJHJHJHJHJHJHJHHHHH,2,3,8,1
JJJJEEECAEJJEEJECJEJJJEEAEEJCJJEEAJEECJJJEEAECJJJJEEEAECJEJJCAEEEEEEJEECAEEEEEEJECEAEEEEJECEACEEEEECAJECEAEECAJECAEEEEAJEECEAEEEAJEEJACEEEJEAIJAAEEEEEAAJAIEEEEEAJAIEEEAEAIEJAEAAAEAJEAIAAAHEJIAIEAHAHJEIIIAAHJEHJEAIHIAJEEAJHIHAAIEJAJJIHAAIEJIJJIAHAAEIHJJHIAAAHHJJHEIAAHAHJJIEAAHAHJJIEAIAHAHJJIIEAAHJHJJIAEAJHJAJJEAAJHJJJAEAAAHJJAAEJAAHEAAEJJAHAAAAJEJAAAAAJAEJAAHAAJAJAHAAAAEAJAAHAAEAAJAHAAEAAJAHAAAAEAHAHAAAEAHHAEAAHAAHAAHAAEHHAAHEHHAEAHHHAEHAHHAHHHHHAHHHHHHHHHHHHHHHHHHHHHHJJJAAAAAA,2,4,8,1
BEEJHJJEEEEBEJHJEEEBJEJEJHEEEBJJEIJEEEEEJJBJEIEJJEEEJJEIJEJEEEJEEAJEEEEEAEEACEEEEAEJEAECEEEAEEJAEEECEAEEJAEECJEEEJAAEECJEECJAAEJJCECEJAACJJECEIEAAJJCCHEEAAEJEJEHICAEAEIJEJEHAEAIEJJAHAAEEIAEJABHHEEEIJAAHEBHEIAHAJHHEBEIHAIJEHBEHIJAHABEHEHIAJHBEAHEHIHAEBHJAEHHIABIJAHEHIAABJIJHIEIAAJAJJHAEIJBAAAJAAEIABJAHAAAEIAHAAJABAEAAIHJABAAAIAJHAABAAAIJAHAABAAAAEAAABEAAAAEABAEAAAHAABAEAAHAAAEHAAAHAEAAHAAAAHHAEAAAHEAAHAAAHHAEAAAAHAHEAAAHHAEAAHAHEAAHAHEAHHEAHAAHHAHAHAHHAAAAHAHHHHHHHHHHHHHAHAHAAAAAAAAA,2,5,8,1
AJEEJEEJEBEJJEAEJEEBEJJEJAEEEBEJEEAJEJEBEEJEEEAEECEEEEAEEEECEEEEAEECEEEEEAECEEEEAEEEEECAEEEEAEEEJAECAEEEEJEAECAEJAEEJECEAEJAECJECEEJJCAAEAECJEEACAJACEJECJAEAAEJJJAEAJCAEJJJACAHJAAJJJAAAJAHCJIJAEABACHIEAAIBAJCHIEAJAAHACIBEAJIIHAABAEAJIIHAABAJAIEAAIHBAJAEIHAAHBHAJAEAHHABHAJAEAHHAHBAJEAHHAABHAJAAEAHBHHJAEAHHBAAHAAEHABJAAHEHAABJAAAAAEJAAAAAABEAAAAAAABJAAAAAAAABJAAAAAAAAJBAAAAAAABJAAAAAAEBAAAAAAEBAAAAAAEBAHAAABEAHAAAHEBAAAAHEHHAAAHHHHEAHHHHAHHHHAHHHHHHAHHHAHHHAHHHJHJJJJJJJEEEEEE,2,6,8,1
CJJEJJEEHECJEJJEJHEECJJEJEEHEJJEJJCEEEJJEAJCEEEJJJEEACEEEEJEAJECEEEJEEAECEEEEEJECACEEJEEJAECCJEAEJEACCEEAJEJJACCEEAJEAJCCJEEAJEAJCCJEEAJEAJCJJCEAJJCEJCAAJJAIJJECAAJEJAEJEIAAJHAEAJIEAAEAHAEJIAEEAHAEAJAEEEAAAJJAAEIEAAJAJAEAEIAAJJAAAEEAIAIJAAEEJIAAJIAEAEJIAAJJAEAEJJAAJAAJJEAJEIAAAJJAEHEAAJHJAAEHEAAJHJAAHEEAAJJAAEAEAHHAJJAAAEHAHJJAAAEAAAJJAHEAAAAEHAEJAAAAAHAEJAAAAAHAEJAAAAAHABAAAEAHBAAAAEAAHBAAAAJHAAHAAAJHHAAAAJHAAHAAHJHAAAHHAHAAHAHAHHHAHHHHHHHHHHHHHHHHHHHHHHHHJJJJJJJJJJJJE,2,7,8,1
EJEHEEBJEEJJJEEHJBEJJEJEEHBJEEJJJHEBEJEJEEFAEEBJJEEEEBAEJECJEEEEJAJECEEEEEEAEJCEECEEEEJAEECECJEAEJAECCEAEJJEAECEJAJEAJECAEBEAEJICBEAAIAEEJCBAAAEIAJECAAIAEIAIJCIAAAIIAIJIAACAJIIAHAIACAIIHAJAIACAIIEJHAACAAIIEJHAHIAAEIIHJHHIAAIEHJHIHIAAEAIJBIHAAHEAIBJIHAAHAIEJBIHAJHIAEBJIAHJHAEABIJAHHJABEAJAHHAHAAEJBAHHAHAAABJAHHAHJAAABAHAHHAAABJAJAHHAAABAAJAAHAAABAAJAAHAAAABAAHJAAAABHAJAAABAAHJBAAAAHEAAABAAHEAAAAAHHEAAAAHAHEAAAHHHHEAAHHHAHHAHHHHHHHHHHHHHHHHHHHHHHHHHJJJJJJJJJJJJJJJJJ,2,8,2,1
EEBEJEEHHJBJEEEHEEJHEJEBEEEHHJEJEBEEEHHJEBEJEEHAJEEJJEJEEAJJEEEEEJJAJJJEEEJEEJJEEAEJJEEJECAEJJEJECJEAEJJJECEJAEEJJJAJCAABEEJJACJAAEIHJAJECAAIHEJAJCEAAEAHJAIJEAAAHHAAJIAAAIHAAJIHAAAHAIAJHIEAAAIHAIAAAAJIEABAAAAJIEAABAAHAJIEAABAAIJEHAABAAAJIEHAABAAAIJEHAABAAJIAEHIBAAAAJAEHJBAHAJAAEJHHBAAAHEJAHHBAEAHEJAHBHAHAEEJABHHAEAAHAHHEAABEAHAEAHAEHAAAAHHEAAAAAHAAEHAAAAAHJAHAAAAAHJHAAAAAHHJAAAHAHAHJAHHAHAHAHHAHAHAHHAHAHAAHHHHAHHHAHHHAHHHHHHHHHHHHHHHJJJJJJ,2,9,2,1
JJJJHEAHEEJJJEAHHEEJJJAAJEJEEHJJAJEEEEHAJJJAEEEHEAJJJAEEEEJAJJJFEEEAJEEJEEEEFEJAJEEEEEAJJFJAEEAJFAJJAEJEAJJFJAAAEJJAFJJAAAEJFJAJACEJFAIJAJAAEJFAAAJAIJJEEAAAJIAJEJEAEAAAAJEJAEAIAAAJAJAEAIAAAJJHAHAAAJEEJHAAHAEAJEHJHAAJEEAAHHJAEAJEAAHHJAEJAEAAHAJHJEAEAAJAAEHEAAHBIJEEHAHABABIAEAHAHEAIBAAAJAHEHHBAAAAJHEHBHAAJAEHHABAAHJAHHAEBAAJHAHHAEAAJBHEHAAAAJBHAEAAAABJHAAAAABAHAAAJAABHAAAAJAABAAAEAHABAAEAAHABAAEAAHABAEAHHAABAEHHAABAEAHHAABAEHHAAEBHHAABEHAHAEBHAHABHHAEBHAEHHAEHHHAEHHHAEHHHAEHHHEHHAHEHHAHEAHHEHAHEHHEHJHHHJHHJHHJHHHHH,2,10,9,1
EDEEECEACDEEBEECEAEECBEDEECAEEBCEDJAEEEECBEDJAEEEEBCEDJAEEEECBEDJAEEEBCEDJEAEEEBECDJEAEEEBECDEAJEEBCEDEEAJEEBCDEEEECEICCEEBECEEIEECBEECCJEEEBCEECCJEEEBCECECJEEEIEECEJEEEEEEICEJCEEEIEECEJECEIEECEJECEEEIEECJEEEEEIJCJEEEEIEEJCJEEEEEICJCECEEJECJCJICEECJCIJECECECJCAEJCECECJCJEACEECJECAJECEEEECCAEJCEEEECAJIECECECEAJICEECEECAJICECEECAIJCICEEECAJIAECECEEIAECAJEEECIECAAJEECEACAIJEECAEACAJJEEAEECAAJJEEEJEAAJEJEEIAJEAJEJEEIAAEJEJEEJIEAAEJCEEIJEAAEJCEJIAEEEJCEAJIEEAECIAJJAEEIECIJAJAEJICIAJEJAJEIJAEJCIAEJIJAECJIJAEIAJECJIJIJEAEJCIJIEAJEJCIJIEAECJIJJIAEECJIJJIEAEJCIAIJAEECJIAIAEJECIAJAEJICEIAJAJJICIAEJJHAAACEAIHJAAACEAIAHAJAECAIHAJAAECAHIAAJACEAIHAJAEIGIHAAJAEGIAHIAJAIGEIAAJHAEIGAIAJHAEIIAGIAAHIAIEGHHAAAEIGHBHAAAEIGBHAAAAEIGBAAAHAIGEABAAHHEGIBAAHHAEGHBAAHHJGHBAAAHHHIGABAAHHAGHBAAHAHAHGCAAAHHACAGAHAHCAAGAAHAAGHHAACAHGACAAHAAGHCAAHAAGHACAHAHAGACAHAGHCAAAHAGHCAAAHHAGCAAAHAGHEAAAHAGHEAAHHAEAGHAHEAGAAHGAGHEAHHHAGEAHHAGHEHHAAGHEHAHHAEGAHGGHEHAHGGEHHAHGHGEHAHGGHEHHAGHEHGAHGHEHGAHHEHGGHAHGGHEAHHHGGEAJHGGHEAHJGGHEAHJHGGEJAGGHEHAJGGHEHAJGGHEHAJGGEHJAGHEGAJGEHGAJEHGGAJHGGAEJHGEJHAGEAJHGHJAGAJGHAJGHJAGHAJGAJGAJGAJGAJGAJGJAGAJGAJGAJGAJGAJGAJGACGACGACGACGCAGCGCGCGCGCGEGEGEGEGEHEHEHEHEHEHEHEHEHEHEHEHEHEHEHHHHHHHHHHHH,3,1,8,1
ICECEJCEICEECEEJCECEIEECEJCEICEEECEJCECEIEECEJCECEIEECJEIEECCEECJEICEECEECECEEIJCEECEICEEJCEECEEEIJCCEECEEEJCEECJCEEJCEECJECEJCEJCEECEEJCEEJEEEEEJCEJEEEEEJECEEJEECEEECEEJEECCEEEEJECECCEEJEEEECCCEEEJEECCECEEECECCCECECJCECECCEECJECCCECECJEEECECECEJEEECCCECEJEEECCECCEJEEECCECCEJIEECCECCEJIEECCJECEEECCJEICJECCEJIJJECEJCECJIEEJECJECJIEJEECECJIEEJJECEJIEIJEAEJIEEJECAIEJIEJCEAEIEJIAJECAEIEJIAEJCAIEEJIAJECAEAEJAIJECAEAEAJECJAIEAAJECEJAIAEAECECJAEIAAECEJAIAECACEJEIAAECECIAEAIECAEIAEIECCAEIEIAEECEAEEIIAECIJEAAEIACEIJAJAEIAECIJAJEAIAICEJJAEAECAIIJJAAJACIEJIJAACAJEIJIJGJAIEJJICGIAEIJJJCAIEJIGCJJAAGIJCIJJAAIGJCIJJAAIGJCIJJAAIGCJIHJAAIGCJIHJAGCJAIIHHAHJCIAIHHHJIIAAHHIHIJAAIHHIHGHIAIHHIHAAGHIHIHAGAHIHIHHGAIHIAHHHGAIHHIAHHAGIHHIAHHGAHIIHAHHGAHIHIAHAGHIHAAIAAGHHHAAAIAHAHGGHIAAHHAHGAIAHAHGIAAHHAHIAHHAAHIAHHHAHIHHHAAAHIHHHAAAHIHHHAAAHIHHHAAAIHHHHAAAHHHAHIAAHHHAHAIAHHHAHIAAHHHHHIAAJAHHIAAHJHHIAHAAHIAJHAHHIJAHAHIJAHAHJIAHAHIJAHAHIJAHAJAHHAJAHHAJAHHAJAHHAJHHAAHHAJAHJAHAHJAHAHJAHAHJAHAHJAHAHJAHAJAHHJAHEAHEAHEHAHEAEAHEAHEIHEIHEJEJEJEJEJEJEJEJJJJJJJJIII,3,2,8,1
EECEJEECICECEJEEECCECIEEJEECCECIEJEECCECEIEEJECCECEIEEJCCECEEIEJECCEEECIEJCCEECEIEECCCEEEJIEEEEEJICCEECEEJECICEECEEJEIECEECEEJEEJCECEEEEAEEECJEEAEEEEECJEAEEEEEECJECAEEEEECJECAEEEECEJAECEEEEEECEAEEEECECEEEECAEEECEEAEECEECEEICAEEEECEEIAECEEECEIEEAJCECEEIJEACJEEEICEJACEEEIJCJCEFEEAIJCJFCEEAIEJCJFCEEAEIJCJFEAAEICJCFJEAICEJCAJAEIECJCEAJEECJAECAJIEECJECAAJIEECJEAEAIJEEIJAEAIEJEEIJAEAIEJEIEAEAIJEJEEIEAAIIEJIEAEAIIEEJAEJAEAIIEEEEJAAEIIEEEJEIEAAEAEEEEAAEJAEIAEIAEEJAIEEIAAECEAEIIEAAEECAIEEIAACJAIEEIAJACJAIEAAAAJCAAIEAAAACJAAIEAAAJCAIAAEAAAJCAAAIEAACJGAAIAEAJCAIAAAEGAAAGAECJGIEAAGAHECIGEAAGAEHCGJIAAAGEHCIGJGAAACHGIEAGJAHCGIEJAGCHIGAEJGAHCHIAEJGHCEHAAIJGHCEHAAIJGCHEAAIJHIHEGAAIJHAGAIIHEHJAGAIIHHEHAGAIIHHIHAAIIAIHAHAAIIHIHAIAIHAIAHAIHIAIHAIIHAAIHAIHIAHIHAHIAHHIHAHIAHIHHAIAHIHHHAHAIHIHHAHIAHIHAAHHAHHIAAHHAHIHAAHAHHIHAAAHHIHHAAAHHHHAHHAHHAHHAHHAHHAHHAHAHHHAHAHHHAHHHHJAHHHHJAHHHHJHHAHJHAHHJHAHJHHAHJHHAJHHHAJHHHAJHHHAHHHJAHHHJAHHHJAHHAJAHAJAHJAHJAHJAHJAJHAEHAEHAHAEHAEHAEHAEAEEAEAEAEAEAEAAEAEAEAEAEAEEAEAAAAAAAIIIIIIIIIIIIIIIIIIIII,3,3,8,1
ECECCEEIEHEECCCEIEEHECCCEEEEIHECCCEEEIEHECCECEEIHEECCEECEEHICEECEIEHCECEECEIHCEECEEEHCCEECIEHEECCICEEEEECCEEJIECECCEEJCEEEECCEAECEEEECECAECEEEECCAEECEEEECCEEACEEEEEECAECEEEEECACEEEEEEEECAEEECEEAEEEEECCEAEEEEEECCCEAEEIEECCCEEEIECACCEEEIECACECEEECIJAEJCEEJIECEEJCEEIJCEFEJCEEIJCEFEJCEEICJFEEJCEIJFCEEJIECEJFJIEIECCIFJEIIEJECFEJIJAIIEEJFEIJAEIIEEIIJJIJEEAAIIJJIEJEAAIEJAIEJEAJIEJIEAAEAJEIIEAJAEAJIIAEAEJIAJIEAJAAEIAIEAAAJEJAIIEAJAEJAAIAAEJIAEAIIAJACIAIEAIAAECIAEIAIACAEIAJIIAACIAAEIJAAECIAAIAAAECIAIAAAAJCAAIIAAAJCIAIAAAAJCIAAAIAJAIAAGIACJAIAIGACAJAAGACIAJIAAGACIJAIAAGACIIAAJACIAAIGAJACIAEGIAJACIAJIGAHCIAGAJIAHCIJAIHGAHIAIGJIHAHIIJAGIHHAIAJIGHIHAIAIHGIJHAAGHIIHJAAAHIIJHAAAHIIJAAHHHIAJAAHHHIAAJAHHIAHHAAHHIHGAHAAHIGAHHAAHIGHAHAAIGAHHHAAIHHAHHAAIHHHAAHAHHHIHAAAHHHIAAHAHHHIAAHAHHIAHAHHAHAHAHAHHAAHHAHHAAHHAHIHHAHAHHAHIHAHAIHHAHHJIAHAHHJHAAIHHJHAIAHHJAIAHJAHIHJAAIHAJAIHAAJIHAAIJHAAIJHAAIJHAAIJAHAIJAHJAIAHJAAHJAAHJAHCAHCAACACACCEEEEEEEEEEEEEEEEEEEEEEEEE,3,4,8,1
IECECECEHEECIECCEEHEEICCECEHEEEICECCHEEEEICEHCEEECEICEEEECCEHICEECEECEHICEEEECCHEICEEEECCEHICEEECEECHJCEEEECCEHCCECCEAECEECCEAECEEECCCCAEEEEECECEEAEEEECEEEAECEEECEEAECEEEECEEEECECAECEECEEEECACEEEECEECACEEEECECAICEECEEEICACEECEEEICACEEECAIECCEEEECIEACECECAEIECEECEIFECECEECIFIEECEECEIIECEEEFCEIEEECEFCIEIEECEEFCIEEIEEECCFIEEIEEEECFIEIEEIEEFCIEEIEAEIFCIEJEAIFCIIEJEEACIEIIAEAEEJIIAIEEAAJEEIEAAEAJEIAAAAEEAJIAAAAEEEJAAAAAEEIEAJAEAAEEIEAJAEAAIEEEJAEAAAEEIEJAAEAAEIEEACAAJEEIIACAJAEJIAACIAJEAIAAAIJACEAIAAAIJCIAEAAAAICAAIAAJEIACAJAGEIICAAJAGEIIACJAAJIGIACAAJGJIHCAJAAJGIHACJAAGJIHACHAAGJIHCAHAGJIACHHAJAIGAHHGIAJCAAHHACIGHAJHCIAHAHJHACHAHJIHIAHAHJEHAIHHAJEHAIHAHJEIIAHAHEJAAIHHAEJAIAAEAJAHIAAEHGHAAHHEHHAAAHEHHAHAAHEHHAHAHHEAHAHAHHHAAEHAHHAHAEHAHHHAAHEAHHAHAEHAHHAHAHEAHHHAAAEAHAAHEAAHHAAHEAHAAHHEAAHAAHHEAAHAHHIAHAAAHIHHAGAAHHHGAIAAHHJAGIAAHJAGAIAHJGAIAAHJGAIAIHJGAAIJGAHIAJJAIHAJJAHJJAJJJAJJAJJAJJJJJJJJIJIJJJEEEEEEEEEEEEEEEEEEEEEEEEEEEEE,3,5,8,1
EEECCCCIHEEEECCCHIEECECCCEHIEEEECECICHEEEECECCIHEEEEECCCIEEHEECIECCEEEHECCIEEEECHECCEICEEHEEECCICEHEEECCEEGECIEECECCEAIEEEEEECJCAEEECECEAJCEEEEECEAJCEEEEEEAEJCEEEEEEEAJCEEEEEJEECCAEEEEEEJCECAEEEEJCAECEEEEECEECAECECECAECEECCEEAEECCECECEEECACECEEECCACCEEEECAFCCECECAEFECCCEEFEACICCCEEEACFICCECECICEACFCEEAECIJCFEEEIACEEFCEIICEJACEEFIICJAEEEFCIIEAJECFEEIAEJEAAACFIAJEAAEFAACAEFAJEAAACAAEFAEJACAAEJAFEAAACAFEEJAEACAAJEEEAAFACAEEHCACEFAAECEHEAAIAAEECHAIEAAAHECIEAGIAAECHIGEIAAECIHGEIACAEJHIGAIAGHEJICAIAGJEICHIAAJHGECIIAAHHJECGAIAIJCEHGAIAEHCIIGJAAHIECGJAIAEHCIJAIGAIECGJAIHACIEBGAHAACEGAIBHAAGIECHHAAAHJEHEAAAHEEJHHAAEHJJHHAAHEJJHAHAEHHHJHAAEHJHAHHAEJHHHHAGHJEHHHAGHJEHHAAHEJHAHHAHHEAJHAHHEHHJAAHHHJEHAAHHJEAAHAHHAEJAHAHHEAHIAHAHEAIAHAHHIAHAHAHIAHAAHHAHHAAHHHHAAAHHHHAHAAHHAAAHHHHAHAAHHAHHAHHHAAAHHBHAAABHHAAAHBHAAHABHAAAHJHAAAJHHAAAHJAHJJAAJAJHAJAJHAJAHCAAJCHAJAHCJAHCJAHCJACACACACACACACAEAEAEAEAEAEAEAEAEAEAEAEAEAEAEAEAEAEAEAEAAAAAAAAAAAAAAAAAA,3,6,8,1
IEECEEECBCEICEEEECBEIECEECECBCEIEECCEBEEIECCEECBEEIECCECBEEICECECEBEEIECCEECHEEIECCECEHEEICECEECEEJCCEICEEEEJCCEICEEEEICECIEEEEEICEEIJEEEEAEJJEEEECEAJJEEEEEEAEJJEEEEEEAEJJEEEEEAEEJEEEEEJAEEJEEEEEJAEEJEEEEEJEECAEEEEEJCEAEECEEJECEAIEECEJECCAIECEJCECCEICEJECCECEEJCACCECEECJCAECEEECCJAEJEEEECCJAIJEEECECAJIEEEICECJAIAEEAECEJAJAEACEEAJAEEACEJEAJAEAAJCEEJAAEAAECIEAAAEAEJICEHAEAAJCEIEAEAEHEIJAEEAIJAHAEAEEAAHIJAAEEEAHJAEAEEIEAHJAEEAEIEJAHAEEEIEAHCEAIEECHEAEAEAJHCEEAAEAAHIJAAAECAHIJAAECAAAJIAEAICGJIAIEACAGIAAICAGJEIIACAJGAEIIACHJGAEHIACJHGEAHIACGHJAEHACEHJEAGECHHJAJAGECHHHAAJGEHHHACAJGEHHHAAJCGHHHEJAACHHEAAJHJHAEAJHHJHAJEHHJAHEJAHHJAHEAIHHJAAHEGHHAJAEHGHHJAEHHHAAJGEHHHAHAJEHAHJHAHEAJAHAHHAAHAHHEJAAEHHAJHAEAHHJAHAHHAJAHAHHJAHAAHHJAHAAHHAJAHAHHJAAHHAAJAHHHAJAHHAAJAAHAHAAJHAHAAAHHHAJAHHHJAAAHHAJAAHACAHAHCHAAHCAHAHCAHCAHHACAHAHAEAHAEHAEIAHIAHEIEAIEAIEAIEAIEAIEAEIAEIAEAEAEAAEEAEAEAEAEAEAEEEEEE,3,7,8,1
CEEECEICEJCEECEEJICECECEECJIEEEECCECJIEECECEEJIECEECEEJIECCEEEEHICECECEEIHECECECEEECCEECIHEEECECCEHIEECECEEHCIECEEEECJEIEECEEIEEACCECEEAEICEECECEEACEEEECEEECAEEJEEEECAEEEEEJEACEEEEEEACEJIEECEEACEIJEECEECEJICCEAEJAEECCEACEEACJCEECAEEJCAECAECCEJEAEECCAECEAEEACCJEJAEAEECJCEIEAEFCJECEEAIEFCJCEAIAECFEJEEAFECJAIEEEAJFCJAIHEEJAAHEICFEEJAEHAIFEECEHAIAJFEECJEAHAECEFEAHJAEFAICEHJAAAIFAEEAHJAAAEFAIAJAHAFEAIAAHAFAEAJIAAAHJAEJAAIAEAJAHJAAIAAAHJJEAIAJAAJAEJIAJJAAAIAJAJAJFAAJIAIJAAAIFJIJAAIFJAAIAJAAFIAAIAJAFIAAAIJAIAGAAJIHAGIJCAJEHAIGJCAJHIAGECJJAHAEJCAJIGAEJHCGJAIAECJHJGABEJHCAAGJBJHECIAAGJECHGJAAIJEHCJGAIJAECHGJAIHAHECGAIHAHEHGIHCAHHGIEHCAHHGIEHCAHGEHJHIHAGEHHJHAIGHJHAHIHHHAHIHHHHAHHIHHAHHIHJHHHIAAJHAHIAAJHHIAAAJHIHAAAJIHAHAAJHIAHAAHJAHAAIHAHJAIAAJHAAHIJAHAIHAAJHAAIHJHAAHIAJHAIHAHJHIAAHHJIAAHJIAHHACIAHACIAAHCAAHIACAIHACHAICAHAICAIHAEIHAAEAIAHEIAHEIAHEIAEIAEAIAEIEIEIEIEIEIEIEIEIEIEIEIEE,3,8,6,1
HEECCECEIEHEEECCEIECHEECCEEICEEEEHCCIECEEEHECEIECCEHCEEEIECCEHCEIEECECEJEEEICECCEJEECECCEEIJEECCCIEEJCEECEEIEEJECEEECIEEJEEEEEEEIEAEEEEEIEEEAECEEEIEEEJEAEEEEEICJEAEEECCEEEAEEEJCECEEAEAECECJEEAECCEJAEEEAECEJAEEECAEJEAECECAEEJACEECCAEEJAECECCAEJCEAEECCAEJAECCEECAEJEACCJECEJFACCJECEEJFCAJICCEEFACCJJICAAFECCJJIAAAFEJICAHCAJFEIIAHCCAJFIIHAECJCFAJIAHECICFAAJEAHEICFAAAEHACEJFAAAEHEEAJEAAIHAEAJEAAEHIAEEJAAAEHIAEEJFAEIIEEAAJFAEIJEEAAIJAEIEJAJIAAEEIAJIJEEAAEJAAJIEAEEAAJJIAEAEJJAAEJAEEAJAAEJAAEJIAAAEAJACEIAAAEJAAEICAAAEAAEICJAAGEAIECAHAGEAIAECAHAAGEIACAHEHGAECAEHIAHGAACHEIAEHGACEHAAEIGHACHEAAIJGHCHAAJIGHHACIJAGHAHIAJCHGHAIJACHGAIJAJHHGAIJJGAHGAIGJJAHGAJGJIAHGAJHAHGIAHAJIGHHAAJGIHHAAGJIHHAAGIJHAAIJGHHAAIGJHHAAIJHHJAIHHHAJAIHHHAJAIHHHAJAIHHAHJAHHAJIHHAAIHHHJAAIHHJHAAIHHJAAIHHHJAAIHHHJAHIIHJAIHAHJHIHAJHIAJHAICHAICHAIEHAIEHIAEHIAEIAEAIEIAEIAEIAEIAEAIEAEIAIEIAEAIEIAEIAEAIEAIEIAEIAEIAEIAEAEIIAEAIAAAAA,3,9,6,1
EIEJCCEECJIEEECCCEEJEIEECCCEEJEEIECCECEEIEECCCJEEEIECCJCEEEEIECJECEECIEECJEEECEICEJEEECCEICEJECEECEEEJIEECEEECEJIEECCEEEJEEIECCEEJIEEEEEEEEJEIEEEEEEEJECCEEEEEEECCIEEJEEEECEEIEIEECECEEEEECAEECEECEEAEECECCEEAEEEECECCAEEEEECECBAEEEECEBECAEECECEBECAEEECECCBCAEEECECCBCEAEEEEBCCCIHEEECCCHICEEEEJCHCIECEEECJCIECAEHCJECEIAEHJEJECEIEHJJEACEEIHJJEAECEEIJHEEACEIIEHJAEACEEAIHJIAAEEIACHJIAEEEIACHJEIAEIEAJJCEAIEAJEJEEAIAAEJEJEAEAIEAECEAAAJAEEEEAAACIEAEEAEAICAEAEIEAICEAAAECAIECEAAECAIAECAJAECAIAECJAACIAAEECJAAICAAEECAJAAIAEECEAJAIAEECEAAJAIAECEEJAAIAECEAGEIAJEEAGECAIJEEECAAHJEIEJEAHAHEEIEJAHHEEAIEJHAHAAIEIIHAHAIAHJIHAHAAIHJIAHHIAJIHAAHHAIJIHAAHHIAJHAAHHIIAJHAAHIAIHJAHAIHIAHJAIHAAAHJIAIHAAHAJIAIHAAHJGIAIHAHAAIGIJHAAHGAIJHIHAAGIHIHHAAHHIIHHGAAJIHHIHAGAJIHHHGAJHIAHGJAHHIAHGAHJHAHGIHAHHJHIHAJHHHIHAHJHIHHAJHIHHHJAHIHHHAHJIHHHAJIGHHJAIGJHAIAJHAIAHCIAAHCAAIACHAIAHEAIHEAIEIAEIAEIAEIAEIAEIAEIAEIAEAIEAIEAIEAIEIAEIAEIAEAEAEAEAEAEAEAEAE,3,10,9,1
CBBCCCCCCECBBCCCCCECBCBCCCCECBCCCCBCCECCCCCBCBCCCCECCCBBCCCCECCBCBCCCCECCBCCBCCCECCCBBCCCECCCCBCBCCECBCCCBCCCECBCCBCCCCECCBBCCCCECBCCCCCCCECCCBCCCCECCCCCCCCCECCCCCCCCCCCCCCCCCCCCCCCCCCCCCCCCCCCCCCCCCCCCCECCCCCCCCCCCCECCCCCCCEECCCCCCECCCCCECCECCCCECCCCECCCCCCCCCECCCCCCCCCECCCCCCCCCICCCECCCCCICCECCCCCCEIECCCCCCCEIECCCCCCEICECCCCCCECECCCCICCECCCCCICCCECCCCICCCCECCCICCCCCCCCEICCCCCCCCIEICCECCCEICICECCIIICCICECBIIICCIEBBIIICICEBBIICICIEBIIIBCCICIIICBICICIIIIIEBCCIIIBICCIIIIIBCIIIIICBICIIIIICBCIIIIICBICIIIICIBIIIICIBIBIIIICIBBIIIIIICBBIIIIIICBIIIIIIIBIIIIIIIBIIIIIIIIIIIIIIIIIIIIIIIIHIIIIIIHIIEIIBIHIIEIBIBIIEHIBBIIEIHIBBIICHIBBIICHIBBICHBIBICHBBIICHBBIICHBCICHIICBCHICIBHICIBCHIIBCIIHBCIIABCIABCIBACIBACIACCIACCIACCACCACCACCACIACIACIACIACCACCACCACCACCACCACCICCICCICCICCICCHCCHCCHCCHCCHCCHCCHCCHCHCHCHCHHHHHHH,4,1,7,1
CCCCECCBCCCECCCCBCCCCCCECCBCCCCECCCBCCCCCECCCBCCCCCECCCCBCCCECCCCCBCCCECCCCBCCCCCCCECCBCCCCCCCCBECCCCCCCCCECCCCCCCCECCCCCCCECCCCCCCCCCCCCCCCCCCCCCCCCCECCCCECCCCECCCCCECCCCECCECCCCCECCCCCECCCCCCECECCCCECCCCECCCCCECCECCCCCECECCCCCCCCECCCCECCCCCCECECCCCCECCCCCCECCCCCCCCECCCCCCCCCECCECCCCCCCIECICCCCCECICCCICCICEICCCIICCCIIICCICCCIICICCCIICCIICCIIICCCIIIICICCCCIIICCICIICCICCICIICCIICIBCIICICIBCICIICICIICBIIICCIIICIBICIIICCIBIIBCCIIIIEBIBCICIIIBBIIIIIIIBBIIBIIIIIHIIIBIIHIIIBIIIIIBIIIIHIIBIIIIIHIIBIIIBHIIBIBIIBIHIBBIIIHBIIBIICIBHICIICIIIBIICIIICIBICIIICIAICICIAIIICIACIICIAIICCICIIIACICIAICICIAECIIIACEIIIAECIIICEIIIECIIICCIIICCIICCIICCIICCIICCIICCIICCIICIICIICIIIIIIIIIIIHHHHHH,4,2,5,1
CCCEEBCCCBCCCCBCCEBCCCCCBCECBCCCCCBCBECCCCCCCEBCBCCCCCBCEBCCCCCCBCBECCCCCCBCCCCCBCCCCCCCCCCCBCCCCCCBCCCCCCCCBCCCCCCCCCCBCCCCCCCCCCCCCCCCCCCCCCCCCCCCCCCCCCCCCCCCCECCCCCCECCECCCCCCECECCCCCCCCCCECCECCCECCCCECCCCCCECCECCCCCECECECCCCEECCICCCCCEIICCCCCCEICCCICCIECCCCICCCCICCCCICCCCCICCCICCCCCEICCICICCIECCCIICCECCCCIIIICICCICCIICIICCIICICCICICCIICIIIICICIICCIIICIICICCIICICIIICCIICCIIICCIIICIIICIBIIICIBIIBIIIIICIBIIBIIICIBIIBIIIIHIBCIIIIIIHIBCIICIIHIBIICICIIHIBIICCIIIHIICCIIBIIBCICIIBIBCCIIIIBIBICIIIBIIBIIICIIBIBICIIIIIBIIICEIIBIIIEICBIIEIIICBIIEICIIIIBIIICEIIBICICIIICIICICIICICICICICIICCICCICICCICICCICICCIIICICICIIICIIIICIICIICIICIICIIIBIBIBIBIBIBIIIIIII,4,3,5,1
CCBCCCEECCCCBCCCECECCCBCCEECCCCBCCCCECCCEBCCCECCCCBECCCCCCCBECCCCCCCCBCECCCCCCECCBCCCCCCECCCBCCCCCCCCCBCCCCCCCCCBCCCCCCCCCBCCCCCCCCCCCCCCCCCCCCCCCCCCCCCCCCECCCCCCCCCCECCCECCCCECCCCECCCEECCCECCCCECCCECCECCCCECCCCEECCCECCCICECCCECCCCIECCCECCCICECCCECBICCECCCBCIICECCECICIICECCICIICICCCCIICIICCCICCCIICCCICICIICCCCICIIICCCCCIICCCICEIIICCCCCEIIIICCCCCIEIIICCCCICECIICCCCCCIICICCCCIICCICCCICICICICIICCIICICCIICIIICICCICHIIICICIIHICIICICIBIICBIIIIBCIIBIIBCBCIIBIIBCBCIBIIIBCBCIIBIIBBCCBIIIIBCBIIBIICIIBIBIIIICIBIIIIIICIIIICIIIIIICIIIIIACIIIAIIIIAIIIIAIIEIAIIIEAIEIIAIEIAICIIIAICIIAICIIICIIICIIIICIIICIIIICIIICIICIIICIICIICIICICI,4,4,3,1
CCCCECBBCCCECCCBCCBCCECCCCCBCBCECCCCCBCBCCECCCCBCBCCCCCCBCEBCCCCCCECBCCBCCCCECBCCBCCCCECBCCCCCCECBCCCCCCCCBCCCCCCCCCCCCCCCCCCCCCCCCCCCCCCCCCECCCCCCCCCCECCCCCCCECCCECCCCCECCCCCCCECECCCCCECCECCCCCCECCECCCCCCCECECCCCCCECECECCCCECEECCCCCCCCCECCCCCICCCECCCCCCCEIIICCCCCCEIICICCCCCIEIICCCCCIECICICCCICICEICCCCCIICICCICCIIECCIICCCICEICCICICIECICICICIECCCIIIICIICECIIHIIIICCCIHHICIICIIHHCBIIICIHIHCIBIICIIHHBIIBCIIHIHBBICICIIHBHIBBICIIHBIIHBCIBBBIIHBBIHBCIHIBBIHBICBBIBIHHCIBBIIHHCBIIHIIHJCIIHIICJHIIIHICJIIIIICJIIICIIIIIICAIIIICAIIEIACIIEIACIEIIACIIIEACIIIEAICIEAICIEAIICICAIICIICAIICCIIIAICIAIICIACIIIACIIIIIICIICICICCCC,4,5,3,1
BCCCCCCBCCCBCCCCCCBCCBCCCCCCCCBCBCCCCCCBCCBCCCCCCCBCCCCCCBCCCCCCCCCBCCCCCCCBCCCCCCCCCCBCCCCCCCCCCBCCCCCCCCBCCCCCCCCCCCBCCCCCCCCBCCCCCCCCCCCCCCCCCCCCCCCCECCCCCCCCCCECCCCCCCCECCCCECCECCCCCECCCCECCCECCCCCCECCCCECCECCCCCCCECEECCCCECCCEECCCECCCCIECCCCCCCCIECCCCCICCEICCCCICEECCIECCCECIEECICCCIEBCCICCEECIBCICCICCIEICICICECICIICCEIICCIIICIECCCIIIICEIICICICHCEIICICCICHIIICIBICCHIIIICIBCHIICIIBICICCHIIIIICCIHCIBICIIBHICBIICBIIIBIBICBBIIBIIIBBIBICIBIIBIBIIBIJBIIIBIBIJIHIIBIIICICHIHIIICIHCIIIHIICCIIHCICIIIHIICIICIIHCIIIIIIIIIIICIIIIIICIIEIIIACEIIIIACEIIIACIEIICAIIEIACIIEICAIEIICIACCIIICACIIICCIIICIIICCIIICCIICCICICICICICI,4,6,1,1
BCCCCECCCCCCCCBECCCCCCCCBECCCCCCCBECCCCCCCCBECCCCCCCCBECCCCCCCCBECCCCCCCBCCCCECCCBCCCCCECCCBCCCCECCCCCBCCCECCCCCCECECCCCCCCECCECCCCCCECCCCCCCCECCICCCCCCEECCCCCCCCECECCCCCCCEECCCCCCCECECCCCCCCCECECCCCCCCECCECCECCECCCECCCCECECCECCCCECECECCCCCCICECCECCCCICECECCECCICECECIICCIECCCIICIEECCCICICIEEICCCIICIECICCIICCIEICIICIEIEICCIICIEHIICCIICIEIICCHIICEIIICCHICCEIIIIHICCECIIIIBICCCEIIIIBCCCIIIIIBCICIIIIIBBICCIIIIIBBIEIIIIIIBBIEIIIIIIBBIICIIEIBBIIICIIIBBIIIICIIHHBIIICIIHIBCIHCIIHICBICIIHHICBICIIHIHCICIHIHCIICIHHCIICIIHACIIIEIAICEIIIACIIIEICIAAIECIIAAIEICIAAEIIIAACEIIAACCIIAACCIIAACCIAIIICAICIIACIIACIIIACAICAICAA,4,7,1,1
CCCCEBCCECCCCECCCCEBCCCCCCECEBCCCCCECEBCCCCCECCECBCCCCECCECBCCCCCCCBCCECCCCCBCCCCCCCCBCCCCCCCCCCBCCCCCCCCCBCCCCCCCBCCCCCCCCCCCCCCCCCCCCCCCCCCCCCCCCCCCCCCCCCCCCCCCCCCCCCCCCCCECCCECCCCECCCCECCCECCECCCCCCCCCEECCCCCCCECCECCCECCECEECCCCCIEEICCCCCICIECECCCCICCIECCCECCIIEICEIECICECCIICICICEICCCIIIECEIICIIEICCCICIIIICCCEIICIICIEIICCIIIHCEIICCIHCIIHECICIEHIIHCICCIIEHHCIIICCCHICIHIICIHCCHICJCHCIICIHCCHICIJCHICCCIHICJIHBCHJCIHICCBIICJHHCIBIJICCHICIBIJCCIBIBIICCCIBIIBBCCIBIIIICIBCIBIIIIBCIIBIIIBICEBIIIIIEICIBIIIIEIBICIIIIICCIIIIIICIICIIICIICIIIIICICIIICIICIIIIIIICIHIIICIIHIIIACIIHICAIIIHACIIIHACIIHICAIIHIAHIIHHIAIAIAIIIIIIIII,4,8,9,1
CCEECCCBCCCCEECBCCCCCEECCCCCCCEBCCCECCECBCCCCCCCCCECBCCCCCCBCECCCCCCEBCCCCCCCCECBCCCCCCECCBCCCCCCCCCBCCCCCCCCCCCCCCCCCCCCCCCCCCCCCCCCCCCCCCCCCCCECCCCCCCCECCCCCCCCCECCECECCCCECCECECCCCECECCECCCCECCCCCCEICECCCECCCICCCECCEICCCCECECICCCICECEICCCCICECEIICCICCECIICCIEECECICCCEIBEIIICCCEIIEIIICICCIICIIICICCIICHICCIIICICICICICHIICIICIIIHIICICCHIIIIICCICIIHIIEICCIIHIIEIICCIIHICIBICBIHICCBICIIIICBCBICIIIIBCBCICIIIICBBCICIIIICCBHICIIIICCBHIIIIICBCHIIIIIIIBCHIBIIIEHBCIBIEIHJCIBIIEJICIBIIIIEICIIBICICIIBIICIIAIBCIICICBIAICIICAIHIIICHIACIIICAICIIICCAIIIACCIICACIICAICICCIIACCIAICIACAICACICAIAIAIAIAIII,4,9,9,1
CIIIIIIIIIIIIIJJJJJJJCCCCCCCCCCCCCCCCCCEBCCCBCCCCBCECCCCCCCBCECCCCECCBCCCCCCCCCECCCBCCCCCCECCBCCCCCCCEBCCCCCCCCECBCCCCCCECCBCCCCCCCECBCCCCCCBCCCCCCCCCCBCCCCCCCCCCCCCCCCCCCCCCCCCCCCCCCCCCCCCCECCCCCCCCECCCCCECCCCECCCCECCCCCCECCECCCCCECCECICCCCCECCEICCCCECCIECCCECCCEICCCCCECCECICECCCCCICCECCCECECICCEICCEICHCCCECIIEHCBIEEEICCCBHCIEICCECHICIECCECICHIECEIIICHICCIIECIHICCICIHCICIICCICHICICICCIHICIICCIBICICCICIBICCCIICIIBCICICCIIIIBCBCIIICIIBCIIBICIIBICIBICIIBICIBIIIIBIIBCIBIIIBBBIIIIBBIBBIIIIIIBBBIIIIBBIIIIIHIBEBIIIIIEIBIBIIIEBIIIIBIIIIIBCIIICIIBIIIIICBIIIAICBIICIHAICAIIICAIIICAIIICAIIICAIIICIIICIIIIICICICICICCCCC,4,10,1,1
FJJFFJJJFEJJFFJFFJJEJJFJFJJFFEJJFJJFFFJEJJFJFJFJFEJJFFJFJFEJJJFFJFJFEJJJFJFFFJEJJJFFFJJEFJJJFFJJFJFJJFEFJFFJFJEJFFFJFFJEJJFFFJCFFEJJFCFFFFJEJGFFEFJFFEJGFFEFFFHEJGFFFHFFEEJGFFFFFHEEJAFHFFFFEEJAFFFFHFEJEAFFFFHCEJFAFFFJJEFAHCFFEFFJHACFJFEFJHFCFJAFJFFHECJAFFEJFHFCJAFJEFFHFCJAFEFIFJFCJAFJFIFEFCJAFFFJAFCEJAFFJFFACJAEFJFAFCEJAFFFAJFCJEFAFFEFFFAACJFFJAFFFCJAFFJFFFACJFAFJFFAFCJAFJAFFFFCJAFFFJFAFCJAFFFJAFFCJAFFAFFFCJJAFFAFGFCJAJFFFFAGCJJAFFGAFEJJAGFFGAFEGAJFIFJGAFAGIEFFGGFJAIFEAFGJFGAIEFFGJFAGFIEFFGJGAFFIEFFGGFAJFIEFFJFGGAFIEFFGAFFGIJEFFFGFAGIEFJFFGFAGIJEFFGFFEIEJFGFGGJJFFGEFIGJJFGFEIJGFJEFJGIJFGFGJFJEIJFFGJJFEGIFJFJGEFGJIJFGJFGEGJIFJGJEFGJIJFGGFFEIJJFGGGFEIJJFGGEGFIJJFGGEGIJJFFGGJJGEFFGIGJFGFJIJGGGJJFIAJGGJGJFIJAGJJGGFIJAGGJJFGIJAGJGJFGIHAGJJGFGIHAGGFJGIHAJGGJFGIJHAGGJGFIHJAGJGGIJFHAGGGJFJIAIGGGFJJAIAGGJJGFIAGAGJGFJIAAGGJJFGIAAGJFGJGIAAGFGJJGIAAGJGFJGIAAGGJGFIAAAGGFJGIAAAGJGGIAAFAGJGGIAAAFGGAAJFGIAGGJGGFIGAAGGFJGIAAGGGJGFIAAGGJGFGIAAGFJGGGIAAGFJGGIAAJGGIGAAJGGIAGJGGAJGAGGJAGGGJEGJGEGGJJGGJJJGGJJGJGJJGJJGJJGJJJGJGJJGJJGJJGJJGJJGJJGJJGJJGJJGJJGJJGJJGJJGJJGJGJJ,5,1,3,1
EJFJGFJFJEJFJFJJGFEFJJFJJFGEFJJFJGFFEJFJFJFGFEFJFJJFGFEJFJGFFJFEJJFFGJFEJFJGFFJEFJFJFFGJEFFJFFJGJFJFEFFJGJFFEFFJJJFFGEJFFJJFFGJFJJFJFGFJFJJFJFGFJFJJFJGFFJJJFFFFGFJJFFJJFGJJFFJGFFJJJFFAJFFJJJFFJAFFJJJFFJAFFJFJJFJFAFJFJJFJFEJAFJFFJJEJFAJHJFFEJFAJFFHJEAJFJHFJFFJAAJHJFFFJAAJJFHJAFFJJAFAFHFJJJAFAHFFJJJGFHAFFJJJGAFFHFJJGJAHFFFJGJJFFHFAJGJHJFGJJFGJAJGFJFJGJAFJGJFJGAEFGAJFFGAEFFGJGFFAAEFJFAFGGAEGJFFAFGAGEGJFFGFAAGJEFGFFAAJGEJFGFAFJGJAFEGFFAJGJAFEGFAJGJFAFGEFAJGFJAFEFAGJGJFAFJGAFJFGJAJFGFAJGFFAFFJGJGFFAAJFJGFFGAAJFJGFFAFAGJFJFGFFAAGJFFGFAFJGFJAFGFFAJGFAFAGJFFJFAFGJFAJFFAFAGJFJFFAJFFAGJFFHFGAFJJFGHGHFFAJFGHHFFJFGGAHFHJFGAGHFHJGGFGJHHAGGGJFHJAAGJGFGJAAHGGFJGJAHGGJAFJAGHGGJAFJGAHJGGAFJAGHGAGJFJGAHJGFAGJAGHGFGJAGGAHFGAGGJGHAAFGGGGJHAAGGJGFGHAAGGGJFHGAAJGFGGGAAHGGGFJGAHJFGAGGGAHGGFAJGGHJGGFAGGHGGAJFGGHJGGFAGGGGFAJGGAFGGJGGAFGGGGJEGJGFGJGGFJGJGJFGGJGFGJGJJGGGGJJGGGGJGJGGJJJJGJGJJGJJGJJJGJGJJJGJGJJJGJGJJJGGJJJJGJGJJGJJJGJGJJGJGJGJGGGGGGGGGGGGGGGGGGGGGGGGGGGGGGGGGGGGGGGGGGGGGGGGGGGGGGGG,5,2,1,1
JGFFJJFFFFFJFGJJJFFJFGFFJJJFJFFGFFJJJFJGFFFFJJFJJGFFJFFJFJJFFGFJFFFJJFFJFFGFJFJFFFJGFFJFFFJFFJGFJFFFFJGJFFJFFFJFGFJJFFFFJFGFJJFFFFJFGFJJFFFJFGFFJFJFFFGJFFFFJFGFJFFFFFFJGJFFFFFJJFJFFJFGFFFJJFFJGFFFJJJFFGJFFFJFFJJGFFFJJJFFJJGFFJFJFFJJFGJFFFJFJJFGJFFFJFJFGJFFJJFHJGFFFFJJAJHFFFAFJJAJHFFFFAJJHAFFJFFAJJHFFJFAAFJJHFFAFFJAJJFFJAGFHJFJFAHFJGFJFFJFAJHFJGJFFAAJFJFGFJFAAJFJGFFFFAFAFGFFJFAAFGFGFEAAFAGFFGJEAFAGAFFJGEAAAFFGFJGEAAFFAGGJFEAAFFAJGGFEFAFAJFGFGEAFFGAFJFGEAFFAGJFFEGFFAAGFFEJGFAFGGFAEJJAFGAFGFJJEAFGFAGFJJAEFGGAFFJJJAFAFFGGJFJAAFFFGJFGJAAFFFGGFJAJAFFGFJFGJFAFGFFJAGJAFFGFAJGFJFAFFGAGJFJGFFGAFGJGFGFFFAGHGFGFEFGFGFHHEGFFFGFHHFEGFFGGHHFEFFGGGHHEFGGFGGHHEFGGGFAHHEGFAGFGHHGFGEAGFHGHGGJAGFAHGGJAFAGAHGGJAFAAGHGGAJFAAGHGJAGGGAHAJAGGGGAHAGJAGGGAHAJGGGAGAHAJGGGGAHAJGGGAAJHGGAGAHGGGJAAHGGJGGAHGGGJGAHGGGJGAHGGGJGAGGJGAGJGGAGJGGAJGGGAJGGGAJGGGAGGGJAGGGJEGGJEGGJEGGJEGGJJGJGJJGGJJGJJGJJGJJGJGJJGJJGJJGJJGJJJGJJGJJGJJGJJGJJGJGGGGGGGGGGGGGGGGGGGGGGGGGGGGGGG,5,3,1,1
JFFFFFFFGJJFFFFFFGFJJFFFFFFGJFJFFFFGJFFJFFFGFJFFFJFFFFGJFFFJFFFFGJFFFJFFFFGFFJFJFFFFGFFFJFFJFGFFFFFJFJFFFFFFGJJFFFFFFFGJFFJFFFFGFJJFFFFFFGFJFFFJFFFGJFHJFFFGFFJFFJHFGFJFFHFJFFGJFFFJHFFFGFJFFFHJFFGJFFFJAFFFAFFFJFAJFFAFFFJFAJFFFFFJAJJFFAFFFJAJFFJAFFJAFJAFFJFFJAFJFJFAFFJAJFFAJFAJFFFAFJJFAJFAFFAJJFAJAFFJAJFAFJFFAJJAFFAFJGFJJAFFAFFGAJJJFFAFFGAJJJFFGFFFFJFGAJFFGFFEGFJAGFFFFEGAFJFGFFEFAGJFGFGEFFHAFGFEFFGFAGGGFEGFFFGAGGFGEFFGGAFFGFGEFAGAFFGGEFFGAAFGFGFFGFAEFGFFGFGFAEGFFGFAFJGFFGGFFAFJFFGGFGAFFJGGGFGFAFJJGGFGAFGFJJGFAFGJJFFJAGGFJJFFJAGGFFJFJAJGFGJJFFJAFGGJFFFJAGGFFFFJAJGGFFFGFJJGGFFFGFJJGGFGFGFHJGGFFGFHGJGGFGGFGHJGFGFHGGGGJGFGHGGJGGGFGGGHGGJGFHGGGJGGFGGGHAGJGGGAGGJGHGGGGAGGJHGGGGAGGAJGGAGGGGAGGJAGGGGAJGGGGGGAGJGGGGAGJGGGGGAGJGGGGAGJGGGGGAGGJGGGGAGJGGGGGAGGJGGGGGJGAGGGGGGJAGGGGGAGGGGAGGGAGGGAGGGAGAGGAGGGAGAGGGAGGJGGJGGJGGJGGJGGJGGJGGJGJGJGJGJJJJJJJJ,5,4,7,1
JFFGFJFFFFJFFGFFFJFFJFFFGJFFJFFGFFFFFJJFFFFFJFFFFFFFFJFJFGFFFFFJJFGFFFFJJFFGFFFFFJJFGFFFFFFJFJFGFFFFFJJFFGFFFFFJFFGFFJFFJFFFFFFJFFFJFFFFFJFJFFFGFFJFJFFFFGFFFJJFFFFFFFJJFFFJFFJJFFFFFJJJFFFFFFFFJHFFFJFFFHJFFFJFFFFJHFFFJFFFFJHFFFJFFFFJFFFAFJFFFJFFFJFAFFFJFFFJFAFJFFFFFFJAJFFFFFJFAFJFFFFFJFAAFFFJAFAJFFFFFJFAJFFAFFFJFAFFAJFFFJFAFFAJFFFFEAFFAJFFEFAFFFAJFFEFFFFGAJFFFEFFFJAGFFEFFFFGJAFEFFFFFJAGEFFFFFJGFAEFGFFJFAGFFFGGFEAFFGFFGAEFFFGGFFGEAFFFGGFFGEAFFFGGFFGJFFFFGGFGJFFFFFGGGFJFFFFGFGFGFJFFFFGGFJFFFFFGJFFFFGGFFJFFFFGGFFJGGFFFGFGGFGJFFFGGGFGJFJFGGGGFJFJGFGFGGHJFFGGGFGHFJGFGGGHFJFGFGGGHFGFFJFGGHFFFGJFGHFGFGGJFHGGFGGFFJHGGGFGJFFGGGFAJFGFGGGFAJFGFGGGAJFFGFGGGAFJFGFGGGJAFGFFGGGAFJGFGGGAFGGGGJGGAFGGGGJGGAGGGGGJGAGGGGAGJAGGGGGJGAAGGGGGGAJGGGAGJAGGGGGGAJGGAGGGJAGGAGGGAJGGAGGGJAGGAGAGJGGAGGAGGJAGGAGGJGGAGGJAGGGJAGGJGFGGGJGFJGGGJJGJGJGJGGGJGGJGJGGJGGJGGJGGJGGJGGJGGGJGGJGGJGJGGJGGJGGJGJJJ,5,5,7,1
FFFFJFFGFJFFFFFFGFJJFFFFFFGFJFJFFFFFGJFJFFFFFGJFJFFFFFGFJFFFJFFGJFFFFFJFFGFFFFFJJFFFFFFJGFJFFFFFJFGFJFFFFFJFGFJFFFJGFFJFFFFFJFGFFJFFFFFFGFJFJFFFFGFFJFJFFFFFGJFFJFFFFGFJFJFFFFGFFJFJFFJGFFFJFFFJJGFFFJFFAJFFFFJFFGAJFFFFFJGFAJFFFJFFGFAFFFJGFJFAFFFAJJGFFAFFAFJGFFAJFFFAJFGFAFJFFAJGFAFFJFFAJGFAJFFFFJGAAFJFFFJGFFGJFFFAJGFGFJFFAJFFFGFJGFAJFGFFJFGFAJFFGJGFFAFGFFJJGFFAFFGFEGJFFAFFGFGFJFAEFFFGJFGAFEFGFFGJFAEFFFFGGJAFFEFFFFGGAGFEFGFGGFGFEFAGFGFGGEFFFGGGGFFEFFFGGGGGFEFFFGGGGEFFFGFGGGGEFFGFFGGGGJFFFGFGGGGFFFGJFGGGGFFFFJFGGGGFFFFFJGAGFFFGJFFGGFAFJFJFFGGFAFFJFFJGGGAFJFFGJGAGFGJFGFJAGFGJFFGJFGAHFFGJGGFAHFFGJGAGFFFGJGHAGFFFGJHGAFGFFGJHGGAGFGJHGFAGFGGJHGGGFGJGAHGGGFGGGAGGJGGGGGAGGJGGGGAGGGJGGGAGGGGJGGGAGGGJGGGGAGGJAGGGGGJAGGGGGGJAGGGGGGJAGGGGGJAGGGGGJAGGGGGAGJGGGGAGJGGGGAGJGGGGAGJGGGAGGJGGAGGGJGGAGGGJGGGGGJAGGGGAGGGAGGAGGGAGGAGGGAGAGGAGGFGGJGGJGGGJGGJJGJJJJJJJJJJJ,5,6,5,1
FFJGFJFFFFFJFFGFFFJFFJFGFFJFFFFJFFGFFFFJFJFGJFFFFFFGFJFFFFFJGFFFFFFJFJGFJFFFFFFJFGJFFFFFJFFGFJFFFFFJFGJFFFJFFFFJFFGFFFFJFJFFGFFFFJFJFGFFHFFFFFJFGFFHFFFJFGFFFFFHFJFGFFFFAFFFGAFFFFFJGFFFFFFJAFGFFJFFFFFAFGJJFFFFFAFGJFFJFAFFFGJJFFFAFFFJJFFGFAFFFJJFGFAFFFFJJFGFFAFFAJJFGFFAFFAJJGFFAFFFAJGFFJFFAFAGFJFFFJFAGFGJFJGFAFGGJJFGFFAFGGJEFGFFAFGGJEFGFFFAGGEJGFFFFAGJEGFGFFFAGEJFGAFFGFGEJGFFFFAGGEJGFFAGFFGEFGFFGFAJGEFFAFFJFGGFFEGGFFGAFGFJFGGAGFFGJFGGFFFGGFJGFGFFGFFGJGGFFGFFGJGGFFFFGGGGGJFFFGFGFJGFFFGFGGFJGFFGFFGGFJGFFFFGGGFHFFGGGFFGFFFHFGGGFGFFFGGHGFGFFFHGGGFFJGFFHGGFJFGFFHGGFJGFFFHGFJGFGFHGFFJGGFFHFFGJFGGFHFGGGGJFFHFGGFGJGFAFGJGGGFFAFGFJGGGFFGAGJFGGGFFAGGGGJFGAGGGJGGFGAGGGGJGGFAGGGGJGGFAGGGJGGGAGGGGGJGGAGGGJGGGGAGGGJGGGGAGGJGGGGAGGJGGGGAGGGGJGGGGJGGGGAGGAGGGGJGAGGGGJGGGAGGJGGAGGGJGGAGJGGGFGGGJGGJGGGGJGGGGJGGGGJGGGJGGJGGJGGJGGJGGJGGJGGJGJGJGJGJGJGGG,5,7,5,1
FFFFFFFJJGFFFFFFFJJGFFFFFFFJGJFFFFFFJJGFFFFFFFFGJJFFFFFJJFFGFFFFFJJGFFFFFFFGFFJJFFFFGFJFFFJFFFGFJFFFJFFFFGJFFFJFFFFGFJJFFFFFFFFJJGFFFFFFJFJGFFFFFFFJJGFFFFFFFJJGFFFFFFFJJGFFFFFFFJGJFFFFFFAJGFJFFFFFAJGFJFFFAAFFJJFFFFAFAFJJFFFFAFAFJGJFFFFAFAJGFFFJFFGAJAFFJFFFAGJAFJFFFFJAAGFFJFFFAJGAJFGFFFAJGAJFFGFGFJAAJFFFGGAAJFJGFFFGAFJAJGFFAAFFGEJGFFAAFFGJEFFGAFFGAEJFGFFFEAGAFFFJGFGEAAFJFFFGAEGAFFJGFFGEAAFGFGFFGAEFGFGFFFAEFGGFGGFEGFAFGGFFGEGAFFGGGFGAGFGJGGGGFGAFGJGGGGGAFFGGJGGGGFFAGJGGGGGFGJAFGGGGGFAJFGGGGGFGAJFGGGGGGFAJFFGGGGGFFFAHGGGFFGFFHFGGFFGFHFGGGGFGFFFGGHGGGFFFFGGHGGFGFGFFGHGGFGFGFFGHGFGGFFFHGGGGGGFFGHGGGGGFFHGGGGGGJHGFGGGGGJGHFGGGGGJGHGGGGGGJAGGGGGGJAGGGGGGGGJAGGGGGJGGGGAGGGJGGGAGGGGGJGGAGGGGGGGJAGGGGGGAGJGGGGGAGJGGGGGAJGGGGGGJGAGGGGGGJAGGGGGJGAGGGGJAGGGGGJGAGGGJGGAGGGGJGAGGGJGGAGGGGJAGGGAJGGJJGGJJGGJJGGJJGJGJGJJGGJGJGJGJGJGJGGJGGJ,5,8,9,1
FFFJGFFFFJFJFFFFJGJFFFFFFGFFFFJFJFFGFFJFFFJFFGFFFFJJFFFFGFFJFFFJGFFFFFJJFFFGFFFFJFJFGFFFJFFJFFFGFFJFFJFFGFFFFJFFJFFGFFJFJFFFGFFJFFFJFFFFGAFFJFFJFGFFFFJJAFFGFFJFAJFFFFGFFJAJFFFGFFFAJFJFGFFFFJAJFFFGFFFAJFJFFGFFAJFFFJFGFFJAFFFJGFFFAJJFFFFGFFJAFJFFFFGJAFFJFFFFFAFFFFJJFFFFJFFAJFGFFFFAJJFGFFFFFJAFFJFAFFGAJEFFAFFFGAJFEFFAFGFAJEFFFAFGAJEFFFFAFGAJEFFFFAFGAJEFFFFFFGAJEFFFFGAFJEFFFFGFFFEFFFAJGFFEFFFAJGFFFFFAJGEFFFFFGAGEFFFFGFGAGEFFFFFGGAGJFFFFFGGAGJFFFFFGAGJFFGFFFGFGFFJGFFFGFGJFFGFFFGFGJFGFFGFFGGFFFJGFFFFFGJFGGFFGFFJFGGFFFFGFGFJGFFFFGFGFFHFFFGGFGHFFFFFGGFGHFFFFFFFGGFFHFFFFFGFGGHFFFFJGHGGFFFFFJGGHGFFFFJGGGHFFJFAFGGGFFGGFAGJGGFGFGAGJGGGGFGJGAGGGGGFJGAGGGGFGJGGAGGFGGJGGAGGFGJGGGAGGFGJGGGAGGFGJGGGAGGFGJGGGAGGGJGGGFAGGJGAGGFGGAGFJGGGGFAJGGGGFJAGGGGFJAGGGFJAGGGFAAGGFAAGGFAFGGFAFGGFAFGGAFGFAGJFGGJFGAGGFAJGGFAJGGFAJGGFAJGGFAJGFAGJGFAJGGAJGGAGGGGGGGGGGGGGGGGGGGGGGGGGGGGGGGGGGGGGGGGGGGGGGGGGGGGGGGGG,5,9,9,1
FFGFFFAFJFGFFFFAFJFGFFFFFFGAFJFFFFFGAFJFFFFFGAFJFFFFAGFJFFFFFGAJFFFFFFAGJFFFFFFGAJFFFFFFAGJFFFFFFGAJFFFFFFAJFFFGFFFAJFGFFFFAJFFGFFFFFFGAFJFFFFGFGAFJFFFFFFAGJFGFFFAFGJFGFFFFAGJFGFFFFJGAJFGFFFFJGAJFGFFFFJAGFJGFFFJFGAJFGFFFJAFJFGFFFGJAFGJFGFFFFAJGJFFGGFFJGFFGAJGFFJFFFAGGEFFJFAFGEFGFFJFAAEFGFFFJAAGEFFFFFJAAGFEFFFFJAAEGFFFFFJAAEGFFFFJAFGEFFFAFJAFEFFFAFGAFJEFFAFGFFFJAFAFEGFFJFAFFAGEFFJFFFAAEGFFJAFAFGEFFFJFAAJGFFFFJAAGJFFFFFJFGJGFFFFFJFFJGFFFFGGFFJGFFFGGFFJGGFFFGGFFJGFFFGGFFJGGFFGGFFGGFFFGJGFFGGFFFGJGFFGGFFGFGJFFGFFFGHGGJFGFFFHGGJGGGFFHGGGFJGGFFHGGFGJGGFFHGGJGFGGFFHGGFJGGGJHGGJFFGGGJHGJFFGGJGHGGFGFGJGGGJFFGHGGJGJFFGHGJGGJFGFHGJGJFFGHGGFGJFAGGFFGGJFAGGGFFGJFAGGGGFGJFAGGGFGJGFAGGFGGJGGGAFGGFJGAGFFGGGJGAGFGGGGGGJFGGAGGGJFGGAGGJGGGGAGGJGGAGAGGJGGAGAGGAGGAGAGGAGAGGAGGAGGAGGGAAGGAGGGAAAGGGGGAAGAGGGGAAGAGGGGAGAGGGAGAGGAGGAGAAGGGGAGAGAGGJGAGAGGJGAAGGAGJGAAGGAGJGGAAGJGGAGJAGGJAGGJAGGAJGAJGAJAJGAJGJGAGJAGJAGJGJGJGJGGGGGGGGGGGGGGGGGGGGGGGGGGGGGG,5,10,1,1
EEJJHJGFHEJEJHJGFHEJHEJJGFHEJHJEJGFHEHEJJGJFHEEHJJGJFHEJEHJGJFHEHEJJGJFHEHEJJGJFHEJJEHGJFHEEHJGJHJEFEJJHHJGFEJEFHJGFHEEFFHJGFFJEFFEHJGFFJFEJHFEGFFJEFJEHGFFFJEJFHGJFFFJEFJJHGFFJFEJFJHGFFJFEFFJHGFFJEFFJHGFFFJEFFJFHJFGEFFJFJFHFGFFJJFHFFGFFJJJFFHFGFFJJFHJFFGFFJJGFJHFGFFJJJHFFGFAFJJFJHFGFAFJJJFHFGFAJJFFHJFGAFJJFJAFFGFAJFJFJAGAGJFJFFJAFJAGFJGJAFAFAGFGJJAAAFFFGJFAHAAFFFGFHAJAAFFFGFAHJAFAFFGFHJAFAFFAGFAAJFAFAGFAFJAFAFAGFFAAJFFAHGFFAJAFAFHGFFAHAFAHGFFAFHHAFAGFFGHAHAGFAGFHFAHAAFAFGFAHAFAAAGFFAHAAAAFFGFAHAAFJAGFFAAJAAFFHGFAAEAJFGHFAFAEJAFHGFAFAEFJAHGFFHAJFEAHGFFHAEFJGHFAFHAHJFFJAFGAHHJFAJFGAFHHJGJFFGFHHAJGJFGGFHHAGJFJGGFHAJJHFHGGFHJAFJHGJGFHAJHFJJGFHGAJHFJJGFHGAJJHFJGFHGAJHJFGJFHGJFJJHFHGGJJJFHFGGJHJHJFGGFHFJJHJGGGHAJHJJGGGHAJHJJGGGHJJHJGAGGAHJJJAGGGAHJJJAGGAGHJJJAGGAGJHJJAGGAGJJJGAGHAGJAHGJJAGGAGJHJJGGAAAJJHGGHAAAGAAGGHAAAAGAGHAAAAAGGHAAAGAGHAAAGAGHAAAGAHAGAAAHHAGAAAHHAGAHAAHAGAHAAHAGAAHHAGAAAAHGHAAAAHGHAAAHGHAAAGGHAAAGGHAAAGHGAAGAHGAAGHGAGHGAGHGAHGGGGHGGHGGHGGHGGHGGAGAGGAGGAGGAGGAGAGGGGAGGAGGAGGAGGAGAGAGAGAGAGAAGGAGAGAGAGAGAGAGAGAGAGGGGGGGGGHGHGJGJGHGHGHGHHGGGGGG,6,1,2,1
JGBEEFJJJFBGEEFJJJFGJBFEEJJJFBGJEFEJJJFJGBEEFJJJFGJEEFJBJJFJGEFJBJEFJJEFJHJGEFJJFJHGEEFJJFFJHGEEFFJJJGHFEFJFJFFHGFEFJFJFFGHEFFJJFFHGEFFFJJFGFHJEFJJFFHFGEFJFFJFFGHJJFFFJFFGJJFHFJFFFGJFFFHJFFJJFFFHGJFFJFFGHJJFFFJFJFGJJFJFFJFGFJJJFFFFJGJJFFJFFFGAJJFGFJFAGJFJJFFFGGAJJFFJFFAGAJJFAJFFAFAJFHAJFFAFJFAAJFAFFAJFAFAAFJAJFFAAFAGJAFAFAAJGFAFFAAFJAGFFAAAFAFJFGAGAFAJAFFGGGAAFJAFHGGFAAJFAFGGAFHAJFHFGGAHFJAFHFGGAFHAJFHFGGFHJFHGFAAGFHJGEJGAGHFJGJEGFGAFHGJEFJAGFHGEFJHAGGGFHEJFAHGFHGGEFJHHGFHGGJEFHHGFGHGFEHHGFJGGEFHHHGFJGGEFHHGHGJFGHFHHGJJFGGFHHGFJHJHGHHGJJHFHGFHHGJFJHGJHFGJFJHHGJHFJFJHHGHFJGJFJHGHHFJGJJFHGHJFGFJHGJHFGJFJHGHFJGJFJAGJGHGJFFAGJHGGFFGAJJHGGAFGJHJAGGAGHHFJAGAGGJHFGAHGAGHFJAGGHAHJFAGHHAGHJFAGHHAGHJFAGHAHGJFGAHHAGAJFAGHAHGJAJAGAHHGAJJAGAHHGAJAGAHHJGJAGAHJAGHGAHJJGHGJJHGAHGJHJGAHHJJGAHGHGJGAHGHAGGAHAGGAHHGAGAHHGGAHHGGHAGGAHHGGHAGGHAGHGAGHGAGHGAHGGAGHGAHGGAHGGAGHGAGHGAGGAGGAGGAGGAGGAGGAGGAGGAGGAGGAGGAGGJGGJGJGJGJGJGJGJGJGJGJGJGGGGGGGGGGGGGGGGGGGGGGGGGGGGGGGGGGGGGGGGGGGGGGGGGGGGGGGGGGGGGGGGGGG,6,2,0,1
BFJFFJEGJJBFJJFFEGJJBFJFJEGJFBJFJJFEGJBFJFJJFEGFJJBFJFGFJJJFEJBFGJJJFEBJFFJJJFEGBFFJJJFJEGHFFFJFJJEGHFFFJJFEGJHFFJFFEGJJHFJFFFEGJFHFFJFFEGHJFFJFFGEFFJHFJFFGEHFJFFJFFJGFFFFFHFGFFJFJFFHFGFFJFJFJFFFJFFJGIFFFFJFJGAFFFFJFFJGFAFJFFJGAFAFFJFJFFAAFFJFFJFFAAFFFFJFAAJFFFFFJFJAAFFFFFJFFAJAFFFFAJFFJFAAFFJAFFHFAAFJFAFHFAAGFAJFFHFAGFAGAJFHFAGFAJGFAHFAGFJGAFFAAAGFAFJAFAGAFAJFGAFAAAFFAGAFHJAAFFGGAFHAJAFGGFAFJAAHFGGFAJJHGAGAJFJAJHAGJGEAJJHFAEGJGJAHJFAGEGJJAJHFAEGGHJJAJFAGEGHJHFAHGEGHHGJFAEGHGHHJGFAGJHGHJGFAJHHHGJHGFAHJHHGHGJFAHHJHGJGFHHHHGAJJGFHHHHAJGJGHHJHAFJGGHHJHJHFJGGHHJHJHFJGGHHHJJFHJGGHHJFHJJHGHHJGHFJHJGHJGGHJHJGHJGHGJHAGHJGHGHAJGJHGHGHJAGGJGHAHHGJJHGHHAHJJHGAHAHGJHGHHAAHGJHGAHAHHGAGAHHGHAAGHAHGAAHGAHHGAAAGAHHGAAAGHAHGAAGAHHGAAGHAHGAGAHGAAAGHAGAAAHAGAAAGAGAHAAGAGAAHAGAGHAAGAGHAAGAGHAAGAGHAAGAGHAAGGJAGGGJAGGJAGJAGGJAGGJAGGJAGGJAGGJAGGJAGGJAGGJAGGJAGGGJGGJGJGJGJGJGJGJGJGJGJGGGGGGGGGGGGGGGGG,6,3,0,1
FGJJJEHJEFFGJJJEEHJFGJFJJEHJEFGJFEHJEFJGFJJEEFJJGHJJFEEJFGJJHJFEEFJJGJHFJJEEFGJJHFEJFJJEJFHGEJJFJJEFHGEJJJEJFHFGJJFEJEFFHGJFFEEJHFFFFJFJEEFHFJFFFEJFHFFFFFFFHEFFFFFEFFFFFFHFFEFEFFFFFHFEFJFFFFHFJFEFFFFFFHFFEFFFJJFFFFFEFFJFAFEFJFFAJFFFFEFJFJFAFFEFFFJJAFFFEAFJJFAFFAFEAJJFAFFAFJJEFAAFFFAJJAFFAAFAFJJAFAFFAFAJJAFFAAFFJJAAFFAGFAJAAFAGJAFFJAAFAAGFAFJAAGAAGGFFAAGJAGFAGFAJGAJGAGGFHHGAAGJGFHHGHJGAAGFHGAAJHGFHHGGJAHGJFHGEGAJHGFJHGEGJAHGFJGGEHJAHGJFGEGHHJGJGAEGFHHJGJAFGGFHHJJAGJGGFHHJJJGAGGFHHJJHJGGAFHHJHJJGAFGHHJGJAJFGHHJJGAHFJHGHGHHAJFHGJHHHHGFJJHHGHGHHJFHGJGHHHJJHGHFGHAJJHHJGFHAJJGHGHJGJAJHHHGGJGAJHHGHGJHGJAHHGJHHGGAJHHHHJGGGJGHHJAHGHGAHGHAHGHAAGHGHAHGHAAGHGHAHGHAAGHHGAHGGHHHGAAHHHHGGGAAHAHHGGAAHAGHHGGAAHAHHGGGAAHAHHGGGAAHGHHGAGJHHAGGGHAGJHGGAGJHGHGAGJHGHGAGJHGHGAGJHGGGJAGGJGAGGJAGGGJAGGGJGGAGJAGJGJGJGJGJGJGJGJGJGGGGGGGGGGGGGGGGGGGGFFFFFFFFFFF,6,4,6,1
HFFJEJJFJFFHFJEJJJFFHEJJFFFJFJHEJFFFJFJJHEFJJFFFJJHEFJJFFFJHJEJFJFFFJJHEFJJFFFJJHJJFFFFJEJHFFJJFFEJJFJHJFFEJJFHFFEJFFJJFFHFEJFFJFFHFFJEFFFJFHEFFJFFFFJHEFFJFFFFFHEFFFFFJFHFEFJFFFFFHFEFJFFFJFFHJJJFFFFFHFJJFFFFJFFHJJFFFFJFFJHJFFJFFFFJHFJFFJFFFHJFJFJFFFFJAFFJFAFJFAJJJAFFFAFAJJJFAFFAFAJJJFFFAFAAJJJFAFFFAAJJFFJFAFAAJJJAFFFFAAJFAGJFFJAJAAJGFFFAGJAGFJAAFAGAJGAAJGFAFJAGAAFHJAFJAGAAFJJFAAAJJFGJAFAAAJJJGAGFAAAGJJAFGAAJAJFGJAGAFJAJJGFHGAFJGJHFFGAAJFGFJFHGAAJJHGFFFGAAJGFFHGGAJFHGFHAGJFGFHGHFAGFFHJGGFHAGJGFFHFAGFHHFJGGFAHGGFHFHJJAGFGHHFHJJHGHGFFHHJJHGHGHFFHJJHGGFHJHHJJHGGFHJHHJHGFGJHHHJJGHFJHHHHGGGJHHGHGFJGJHHGJHGFJHGGHFGJHJHGHJGJGHGHGJGGJHHGHGJGJGHHHHGJJGGHHHAGGJJGHHHGGJJGHAHGGJAGHAHHGJGHAHAHGGHAAHGJGAGHAAHHAGGGHAAHHAGGHAGHGHGAAHAGHHGAGAHAGAHGGAHHAGHAGGAHAGHGGAAHAAGGGHAHGAGGHAAHGGAHGAAHGAAAGAAAHGGAAHGGAGGHHGGAGGHAHGGGGHHGGGGHHGGHHGGHGAAGAGAGGAGAAGGAAGGAAGAGAFFAAFFAFAFAFAAFJFJJJJJJJJJJJJJJ,6,5,6,1
EJJJFFHJEFEJJFFJHJEFEJJFFHJJEFEFFJJJEJFEHFFJJJEJFEHFFJJJFJEHEFFJJJJFEHFFFJJJFJEHFFFJJJJFHFFEJFJJFFHFFEJJJFFHFFFEJFFJHFFFFFFJFFHFFFFFFFFJHFFFFFJFFFFFFHJJFFFFFFFJHJFFFFFFFJHFFFFFFJJHFFFFFFJFHJJFFFFFJFHJJFFFFFJFAJFFJFFFFJAJFFJFJFFAJFFJFFJFAFJFAJFFJFAFJFAJFFFJAFJFAJFFFAJFFAAFJFAFJAFAAFFFAJFAAAJFFAFFJAAAJFFGAAJFAAJFFGGAJFAAJFGGJFFAAJGHAAJFFFAJHAGJFFAAJFJAFFAFAGJFJAFFGAAGJGJAFAFGGAJGAFGFJGJGAAAFFGJGJGAAAFGJGFGAFAJFGJGFGAFAJFGGJGAFFAJGFJGFAGFJFAJGHGGFFJJGAFGFHFJGJAGGHFJFJGHJJGFHFGHGJHGHFJFGHGHJFJGHFHHGHGFJHJHHGFHGJFJHHGHFHJGJHFGHFHHGGHHGFHHFHGGHHGHFHJHGGHHGHFJHGHHHGGHFJHHHHGHFGJGHHHGHFGJHGHHHGHGJHJHGHHGJGHJHHGAGJGJHJHHGAGJGHHHGJAGGGJHHHJGGAGGHHGHJAGGGHHGJHAGGGHHGHJGAGGHHHGJGGHAGGHJHAAGHFGHGAHGFGHAGAHGFGAHGAGHFGAHGAHGFGAGAHGHGAFGHAGHGAGFHAGGAGAHHAGGAGHAHGGAGAHHGGAGHAHGAGGAHAGAHGGAHGGAGAGAAGGGGAGGAGGGAGHGHAGHAGHAGHAGHAHAGAGHGAGAGGAGGAFHAFHFAFAFAFAFAAFFAFAAFFAJJJJJJJJJJJJJJJJJJJJJJJJJJJJJJJJJJJJJJJ,6,6,4,1
FFAFJFJEHFJAFJFJFHFJAFJEFJFHJFJJEFFFHJFJJEJFFFHJJJFJEFFFJHJJJEFFFFHJJEJJFFFFHJJJEJFFFFHJJEJJFFFFJEJJFHFJFFJFJJHFFJFFJHJFFJFJFJFFFFHJFFFFFFFHJJFFFFFFFHJFFFFJFHFJFFFFFJFHFJFFFJFJGFJJFFFFFJGFJFFJFFFJGFJFFJFFFJFJFFGFJFJFFFFJAFFJJFFAFAFJFJJFFAJAFJJFFFFJAAFJJFFFAAFAJFJJFFFAAJAFFAFJFAAAJFAFFJAAAJAFFFFJAAJAAFFFGJAJAFAFAFGJAAJAAFFFGJJAAAFAFGJFAAHGAFJGJFAHGAFAJGJFAHAAGFJFGGAAHAGFJGFAGHAGFAHAFGHFGFHAAFGHHFGFHAAFGJHFFHJAAGGHFFHAJJGAGHFFHAJJAGGHFFHAAJJGGHFHJFAAGGHJHJAFGAGFHJHJHFGFGHAJHJFHGFHJGGHGJFFHHJGGHFJGFHJGGHFJGFHHGJGFJFHHGHGGJJFHHHHGGJFHGJHHHGJFHHJGHHGJHFHJGHGHHGHJJHGJGJHJHGJGJGJGHHAGJHGJAHHGJGHJHGAJAHGJHAGJAGHGGHAJJAGHGHAJJAGGHGHAHJGHAGGAHJAHGGHGAHJHHAGGGAHJGAHHGGFAHAHGHGGFAAHGHGHGFAAHGHHGFGAAGHHHGGAHAGHAAGAGAGHAAGGAGAHAAGGHAAGAGGHAAGAGGAAAHGGAAAHGGAAAHGGAAHAGGAHAGAGAHAAGAGHAAGGAHAGAGAGAGAGAGAGAGAGAFAFAFAFAFAFAFAFJFJFJFJFJFJFJFJFJFJFJFJFJF,6,7,4,1
FFHJJJJFFFHJFFJJJFFFFAJFHJJFFFJFFHJJJFFFHFJJJJFFFHJFJJFFFJFFJHJJFJFFJFFJJFJHFFFFJJJFFJHFFJFJJFFHJFJFJFFFJHJFFFFJHJFJJFFFFHJJFFFFFFFFJHJFFFFFHFJFJFFFFFFJFAFFFFFAJFJFFFFFFJJAFFFFFJFJJAFFFFJFJJFFFFAFJFJFJFFFFAJFJFFFFJFJAFFFJJFAJFFFFFJFJAJFFFFFJFAJJFAFFFFJJAGFFAFFJFAGJAFFFFJJAFAAFFFJJAAFFAFFFJJAFFAAFAFJJAFFAAAFJFJAGGAAFFJFJAGGAFAFJFAGGJAFAFFGJAFJAAGFFGFJAFAAFAGGAFJFAHAFGGFJAFAHAFGGAFJFAAHFGGFAJFAHAGFJFFAGHAAGFFFJGAHAAFFJGGAHAFAFFJGGAHAFGFFJGJAHFGFFGGJHJHFFGGHHFFHJJFGFHHHFJJFGGHHFHFJJFGGFHHJHJJFGGHFHHJJJFGHFHHJGJHGFFHGJGHHHGFFHGGHJHHFFHGGJHGHHFGFHGJHHGHFGFGJHHHHFGFGJHHHHJGGHFHHHJJGGJHHAJJHGGHHAJHHJGGJJHAHGHGGHJJAHHGGHJAJGHHGGHHHHGGAJGHHHHGAJGGHHGHHAJGHGHGHHAJGGHHGHHAJGGHHGAHJAGGGHAHJHAGGGHHJAHAGGGHAFHAHGGGFAHAHGGGHFAHAGGFHHGGGHHGGAGHHGAGGHHGAGAGHGGGAHGGGAHGGAHGGAHGGAGGAGAGAGAGAGAGAGAGAGAGAGAGAGAGJGJGJGJGJGJGJFJFJFFFFFFFFFFFF,6,8,8,1
FFHJFJFFJJFJHFFFJFJFJHFJJFFFJHJFJFJFFJFHJJFFJFFJFJFJFFJHFJJFJFJFFHFJFJJFFFJFHJJFJFFHFJJFFJJFFHFFJFJFJFJHFJFFFJJFJHFJFFJJFHFFFFFFJJFFHFFFFFFHFJFJFFFFFJHFFJFFFFFHFFJFFFJFJFFJFFFHJFJJFFFFFHJFJJFFFFFJHFJFFJFGJFFJFFJFFGJFFJJFFFGFAFFJJFFAFAFFFJJFFAAFFFFJJFAAFAFFFJFAAAJFFFFJFAJAFAFFFFAJAFJGFFAAJAFJGFFAAAAJJFAFFAAAJAFJAFAAAFJAFFFAAAFJFFFAAAAAGJFFFAAAAAGJFFAAAAFAGFJFAAAAGAGJFAFAGAFAGJAAGFGFFGGAHFHFJGFGGAHFJGFGGHFHHJFGFGJFHHJHFGFGJHFHJHGFFJHFGHHHFGFHJGHHFGJFHHJGHHFGJFJHHHGHFJFHHJGGHHFJFJHHGHGHJHHJFGHFGHJJGHFHHFGJHHHJGFFGHJHHGFGJHHJJHHGFJGHHJJGHHFGJHJAJHJHGJAJJHGHGHJJJAHGHGJJJAJHHGHGHJJAHJAGHHJJAJJGAGHHGAJJJAGHAJHJGAJGHAHJGHAJGHGHHJGAJAHHJGAGGAHHJGHAGGAHHHJGAGGHHGJHGHHGGHJGHGGHHGHFGGHHGHFGHHGHGFGHHHFGGGHGAHAGGHHGAAGGHHGAAGGHGAAGGHHAGAGGHHAGAGGHHGAGHGGAHGHGGAHGHGAHGHGGAGHGAGGGAGGAGGAGGAGJGJGJGJGJGJGJGJGJGJGJGJGJGJGJGJGJGJGJGGGGGGGGGGFFFFFFFFFFFFFFFFFFFFFF,6,9,8,1
JAJFFEFJFHJAFJFJEFFHJJFJFEFHJFJJJFFEHJFFJJAEFHFJFFAJJFHFFJFFJJAFFHFJFFJFFJHFAJFFJFFJAHFJFFJFJFAHFJFFJFJHJFFJFFJFJJHFJFFFFJFJFFFFFHFJJFFFFFFHJFJFFJFHFFFJJFFJHFFFJJFJFHFFFFJJFJGFFFFFFJJJAJFFFFFJJJJAFFFFFJJAJFFFFFFFJAJFFFGFFAJJFFFAFFFJAFJFFAFFFJJFFFAFFAJJFFFAFFAAJFJFFAAAFFJJFFFAAAFFFJGAAJFFAFJFGAAJFAFFGAFAJJFFAFGAFAJJFAFGGAFJJAFFAGGJJFAFAFAGGJFAJFAFAGAAJJFFFAGAAJJFGAFAGFJJAAGAGFFAJAJAGAFFAGJAJAGHFAFGFAGHFJGAFGFAGHJFGFAGGHFFJAGGAFGHFFAHGHGFJHFFHAGGFHJJHFGAHGFHJJHFHGFHHHHFHGHHFHJHHFGHGFHJHHFGHAGJFHJHFGHAJGHFHFGJHAJHFFHJAGJHHGFFJHAHGJHGFHAHJGFJHGFHAHJGFJHFGHAHGJJFGHFHHGFJJAGHFHHJJJGAGHJHJJGAGHJHJGJJGHAJGGHJJGAHJHGAAJAHJGJHJAAGHJGJHJAAGHGJGAHJAGHGGJAAHGHJJGGAAHJHGGGJAAHGHJJGGAHJHGAGJGAHHJGAFGGAGHHFGGHAGHHFGGHAHGHGHAGHGAHHAGGAHHGHGAGAHHGHAGGAHHHGAGGAHHGHAGGHHHGAGGHHGAGGHAGGAGAHGAGGAGHAGGGAHGGAHAGGAGHGAAGHAGAGHAGAGHAGAGHAGAGHGAAGHGAGHGAGHAGGAGGAGAGAGAGAGAGAGAGJGJGJGJGJGJGJGJGJGJGJGJGJGJGGFFFFFFFFFFFFFFFFFFFFFFFFFFFF,6,10,2,1
EBJJEECEECEBJJEECEEBECJECEJEEEBJECCEJEBEEJECCEJEEEJECCBEJEEJEBCECJEEEJECECBJEEJEBCEJEECEEJCEBJECEEJEEBCJECEEEECBJJEECEEECBJJECEEECEBJECEJEEEBCJECEJEEEBJECCJJECEBJECCCJECEJECICCJEEJECICCCJEEJECECICEJJCCEICEEEJCJECICEEEJCJCEICEEEJCECICJEEEJCCEIJCEEEJCECIJEEECJCCEIJEECJCCEIJEEEJCCCEJEEIEJCCCEJCEEICJCEJCCEEIJEEJECECIEEEJJEECEECEEJJEECEECEIJJEECEECIEJECEEEJCEIJECEEJECAEJEECEJCEAEJICEEJCEEIJCEACCEEJEIBACCEEEEJIBACCIEEEIJAEBEIEEEJAEIIBEEEEAEJABIEEEAEJEAIBEEEEAEJAIBEEEAEJAEIBEEEEAJAIBEEEEEAAAIBEEEEAEAABEEEIEEAABAEEEIEEAABAEEICEEAAAEEICBEIAAAEEBIECAIAEAICIIEEAAEAIICIEEAAEACIIIEEAEAAIICIEEAAAIICEIEEAAAIICEIEEAAAICIEEEIAIACEEIEIAICAEEIEIAIIEEICEIAIEEIIECIAIEEIIECIIEACIIIEEIEAEICIEEIEACCIIEEIACICEIEEIACCIEIEEIACICEEEIIACCAEEEIAACIEECEIAACEECEIAAEECECIAIEACECIIAEACCCIIAACCIECIAACCIECIAACIIICIACIIIICIACIIIICICAIIIIIIACIIIIIEHIIICIIHEIICIIIHEIICIIIHIIECIIIIHEICIJIIHECIJIIIHECIJIIIEICJIIECIJIIIECICIIIECIIIICEIIHIICEHIIIIEEHIIIIEEHIIIIEHIEIIIEHIIEIIHIIEIIHIIIIHIIIIIIHIIIIHIIIIHIIIHIIIIAIIIAIIIIAIIIIAIIIIAIIIIAIIIIAIIIIAIIIIIAIIIAIIIAIAHIAIHAHIAHAHAHAHAHHAHAAAAAAAAAAAAAAIIIIIIIIIII,7,1,6,1
EJECECEBIEEJEECECIEEBJEECCEIEEBEECCEIJEEBEECCEIJEEBEECEIJEEBCEEEJIECECBEEEJECCEBIEEJEECCEBIEEJCEECBIEJEEECCEBIEJEECCEBIEEJEECECIEEBJECECEJEEBCEECCEJEEBEECEEJCEEIEECEECJEEIECEECJEEEIEJECJECEEIEJECECEEIJCECEJCEEIJCECJCEIEJECCCJEEIEJCCCCJEEIJCECCEJCEJCEIECJCEEJCEICCJEEJECEICJCEEEJCIECCEJJECIEICJEEJCCIIECJEJECIEEICJEECEEIIJCEECEIJEIJEECJEEIIJCECEIEJEICCECJEEEICCAECEEEJCCAIECEJEECCAICEEJEEECAICEJEEEEEAICEEJEEEAEICJEEEEEEAIJEJEEEEAIEJJIEEEAEIEJIEEEJAEIEAIIEJAIEEEIIEIAIEEEAIIEIAIEEEAIIEIEAEEAIIIAEAEEEAIIEAEAEIEAIIAEEAEIIAEIAEAIEIAEEIAAIEIEAEEIAAIIEAEEEIAIIEAEAEEIAIIAEEEEAIAEAEEEIIAEEEAEIAIAIEAEEIAIAIAEEIACIAIAEEIACAIEAEIIACAIAIEIIACAIAEIIIACAAEIIIIICAAIIIICIEAAIIIIICEAAIIIICEIIAIIIACEIIAICIAEIIIAIAIEIICIAIIAIICIIAIIAIIICAIIAIIIICAIIAIIIICAIAIIIIICAAIIIIIICAAIIICIIIEIIIIIICIEIIIICIIIEIIICIIIEIIICIIIEIIIIICIEIIIIICEIIIEIICECIIEIICECIIEIICEIIEICIIEEIICIIEEAICIIEEACIIIEECIIIAEECIIIAEECIIIAEECIIAIECIIAIECIIAIEICIAIECIAIIEICIECIIECIIECIIECIAECIAECIAECAICACACACAACCACACACACACACACACACAIAIIIIIIIIIIIIIIIIIIIIIIIIIIIIIIIIIIIIIIIIIIIIIIIIIIIIIIII,7,2,4,1
EECECCEEBEECECICEBEECECCEEIEBEECCEEIEBCEECCEEIEICEIEEIECECCEEIEIECECCIEEIEECECCIEEECECCEIEIECECCEIEEIECECCEEIIEECECCEIEIEEECCCEEIEEECCCIEIEECECCEICEIECECICEIECECCCICEIECEJECEICCCCJCEEICECCEJCEIJCECEECJECJECEEIJCJCECEEEIJCJCEECEIEJCJECECEEICJCECEJEIECJCEECJECIJCECECJCIEJCECJECCIEJCCJCCIEEEJJCCIECECEJICCEJEECECJIEJEECECCCEJEEEECICCJEEEEICECCJEEEECIECCJEEEECIECJEEEECIECJEEEECIICEJEIECECAIEJIEECEICAEJEECEAIEIEJECEIAAEEECEEIAEIAEICEIAIEAEIECAIIEAEIEECIIAEEIEAECIIEAIEEEACIAEAIEEEAIAAEEICEEAAEAIECEEIAAEAEEIEAEIAEAEEEAEIIAEEEIAAEIAEEAAEEAIAEEAAEEAIAEAAEAEIAEEAAAEIIEEEAAEIEIAEEAAEIEAIEEAAIIEIAEAIAIEIEEAAIIEEEAIAAIIEEEAAIIAEIEEAAIEIAACIAIIEIIACAIIIEIEICIAIIEIEIAIIICEEIAIIIICEEAIICIIIEEIAIIIICEEAIIIICIEIIIEIICIIIEICEIIIIIIIEIICIIIIIEICIIIECIIIIIIIIECIIIIIICEIIIIIIIEIIIIIICIEIIICIIIEIIIIIICIEIIIIEIEIIIICEIEIIICIEIIIICEIIICIIEIICIEIIIIIIEIIICIIEIIICIIIICIIIIICIIIECIIIECIIICEIIECIIECIICIEIICEICIEIIECIIECIICEIECIICEIIECIIECIIECIIEIIIIIEIIIEIIIIIIAIIAIIAIIAIIAIIAIIAIIIIAIAIAIIAIIIAIAIIIIIIIIIIIIIIIIIIIIIIIIIIIIIIIIIIIIIIIIIIIIIIIIII,7,3,4,1
JEEEEBCCEJIEEEEBCCEIEJEEEBCCEJIEEEEBCCEIEJEEEBCEIJECEEEBCECJEEIEEBCECEEJIEBCEECEIJEBCEEECCIEBCEEEECIEBCEEEECCICEEEEEBCCCEIEEEBCCEICEEEEBCCEIECEEEBCCEIECEEEICCEICEECEICECECCEEIICEECCEIIECCECCEIEIECCECCICEICECEEIEICCECCECJECICCECECJECCCEJIECJECCCJIECEJECCCJEICEEJCECJEICEJECCEJIECEEJCCEJICEECEECJJIEEECEJJCIEEEECEJJCIEEEECEJCIEEEJEECCICEEJEEECCIECEJEEECECEEJIEEECECEJIEEIECEICJIEEIECECIJEIEIECECIJIEICIIEIIJIEIIIEIIJCIEIEICIJIIEIIEIIJCIIEIIEIICIIEIIIECIIIIIIIEECIIIAIIIEIICIIAIIIEIICIAIIIEIAICIAIIEIIAICIAIIEIIACIIAIIEIACIIEAIIEIAIIEAICIEIAEIEIIIEIAAEIEIIEIAAIIIEIIEIAAIEIIEAIAIIEIIEIAAIIEIIAAEIIAIEIAAEIIAIEIAAEIIAIEIAAEIIAEIIAAEIAEIIIAAEIAIIAAEICIAIAEIICIAAIAEIICIAAIEIICIEIAIEIICIAEIIEIIEAICIIEIIEACIIIEIIEICIIIIIIEIICIIIIIEICICIIIIEICCIIIIEIICCIIIEIICCIIIEIICICIIIEIIICCIIIIIICEIIICIICIEIIICIIIEIICICIIIECICIIIIECIICIIIEICCIIIIEICCIIIECCIIIEICCIEIICCIEIIICIEIIICIIIIEICIIIICIIIICIIICIIIIIIIIIIIIIIIIIIIIIIIIIIEIIIIIIIIIIIIIIIIIIIIIIIIIIIIAIIAIAIAIAIAIAIAIAIAIAIAIAIAIAIAIAIIIIIIIIIIIIIII,7,4,2,1
EBECCEIEEEECICEICEEECCEIIECEEECIEJEICEECCEIEEICEECEIECCIEEEECEIICECEEIEECICCEEEECEICCIEEEIECECCEEEIECIECCEEEIEECICCEEIEECECIEICEEEECICEEICEECECIEIECEECEICEEICEEECICCEEIEEECCICIEECCECIICEEECECCIICEECEECCICEECCECCEICEECCEECCICEECCECCEICECCEECECEICECECCEEEICEECCEEEICECCEECECEICEECEEECICECCEEECECIECEECEICCEECEECECECECEECEECECEEECCEECCEEEECECECECEEJCEEECCEEEJECEECCEEEJCIEIEEEEEJICEIEEIEEJICEIEIIEEJCIIEIIIEIECIIIIIEECIEAIIIIECEIEAIIIIEECEAIIIIIEEEACIIIIEIEIAICIIIEIIEICIAEIIIIEICIAIIEIEIACAAIEIIEAICAAIEEIIIACAAEIIIEIAEAAEIIEAIAEAAIIAEEIAEAAIIEAIEEIAAIEAIIEEAIIIAEIEAEIIIEAIEAEIIEIAIEEIIAIEAIEEIAIAEIEIEIAAEIICIEIAAEICIIEIAEIICAEIIAICIAIIIEAIIACIEIIAICIAIEIAIICAIEIIIIIICEIIIEIICIEIIIEIIICEIIEIIIIEICEIIIIEIICEIIIEICIIEIIIEIICIIEIIIIEICIEIIIEICIEIIIIIECEIIIIIEICIIIIIICIECIIIEIICICIIIIECCIIIIICECIIIIEICICIEIICCIEIIIICIEIIIICIIIIIEICIIIIEICIIEICIIIEICIIIECIIIICIIIICIIIICIIEIICEIICIIICIICIIICIIIIIIIIIIIIIIIIIIIIIIIIIIIIIIIIIIIIIIIIIIIIIIIIAIAIAIAIAIAIAIAAAAAAIIIIIIIIIIIIIIIIIII,7,5,2,1
ECCBIEECEEBCCEECEEIECCEEBCEEEIECCEBCEEICEEECCEEIBCEEECCEIBECEECEICBEEECECEIEICEEECIIEECCEEECIEEICCEEECIIECECEEEICIECECEECCEIECEEIECCIEECEEIECICEECEECECIECECEECCECEECEICECEEECECCIECECECCIEECEECCCIEECCECCECIECECECCCEIECECECCCIECEECECCICECEECECECEIECCCECEICEECCCECICEEECCCECIECEECCCECEECECCIECEECEECCIECCEECCIEECEECEICCEECECECECIIECECECCIIEECEEECIICEECEEECIIIEEECEEIIIEECCEEIEIIEECCEEIEIIEECCEEIEIIIECCEEIEIIEICECIIIIICEIJEIIICIIIEJIIIECIIEIIJIEICIEIIJIIECIIIIAIIIICEIIIAIIICIEIIIAIIIEIIIAICIIIEIIAAICIIIEIIAAIICIEAAIIIAICIAAIIAIECIIAIIICEIAIAIIIEEIIAIAIIEEIIIIIAIIEEIIAIIAIIEAEIIIIAIIEEIAIIIAIEIEAIIIAIICAIIIIIEAICAIIIIEIAIAIICIIIEIAIIAIIIECIAAIIIIECIIAIIIEICIIAIIIEIICIIAIECIIIEIAIIEIECIIIIIIEIEIICIIIIIEECIIIIIIECIIIIEIIIECIIIIEIIEIIICIIEIIIEICIIIEIIEIIIIECCIEIIIIECCIEIIEICIIIECCEIIIICCIEIIIICCEIIIACIEIIIIAEICIIIICEIIIAIICEIIIAIICIEIAIICIIAICIIAIICIIIICIIIIIICIIICIIIICIIIICIIIICIIICIIICIICIIIIIIIIIIIIIIIIIIIIIIIIIIIIIIIIIIIIIIIIIIIIIIIIIIIIIIIIIIIIIIIIIIIIIIIIIIIIIIIIIIIIIIIIIII,7,6,0,1
CICEECEIEEIECCECEEIEIECCECEIEEEICCCEIEEEEICCCIEEEEICECCEIEEEECCCIEEEEICECCIEEEIEECCIEECECEEICIEECEEICECIEECEEIECCIEECEEIIECCECEIEEIECCECIEEEIECEECIEECIECECIEEECIECECIEEECIECECIECECCEECIEECCICEECICECICEEEIECCCCEEIEIECCICCEEEICECCCIEEEIECCCIEICEECCCEEEICEECEEEECCCEECEEEECCECEEEEECCCECEEEEECCCCEEEECECCEEIECEECCECEICECCEEEEIICCEECEEIEICCEECEEIEICICECEEEIICCECEIICIEICECEIICIEICEEIICCEIIEEIIICCIEIEEIIICCIEIEEIIICIIEIEIIIIEIEIECIIIEIIEICIIIIEIEIICIIIEIIIEICIIIIEAIEICIIIIEAICEIIIIEAACIIIIIIEAAEIIIIIEAAEIIIIIEAIAEIIIIIAEAIIEIIIIACIAEIIIIIAIAICIIIEIAICIAIIIEIAIICIIIIEIAICIIIIIEAAIIICIIIEAAICIIIEIIAICIAEIIIAICIAEIIIAIICAEIIIICIAAEIIIICIAAEIIIICIAIIIIIEIAIICIIIEAIICIIIEIIIIICIIEIIIICIIIEEIIIIICIEEIIEIIIIIEIIIIIIIIEIIIIIIIIEIIIIIAIIIIIEIIAIIIIIEIAIIIIIEIAIIIIEIAIIIIEAIIIIEIAIIIIEIAIIIIIAIIIICIIAIICIIAICIIICIIICIIICIICIICIICIICIICIICIICICICICICICICICICICIIIIIIAIAIAIAIAIAIIIIIIIIIIIIIIIIIIIIIIIIIIIIIIIIIIIIIIIIIIIIIAAAAAAAAAA,7,7,0,1
CEICEECEIEEIEECECCEIEEIECECCIEEICECECEIEEECCEICIEEECCCEIIEEECECECIEEEIECCEIECEIEECECIECEIEECCEICEEEIECEIECECIEECEIECCEEIECIECECEEIEIECECECEIEIEEECECEIEEECECIEIEEECECEIIEEEECECIECCEEECCCECCEIECCCCEECIEECCEEECCCIECECCEECICEECECECCCIECECEECCICECCCEECCCICCECECCEICCCEECCECICCEEECEICCCEEECEECCCCEEEICCCCCEEEEICCCCECEEICCCECCEEECIECCCECEECICECCECECICECECECECICCEECECCCEIEECICEEIIECECIECECEICEIECIEIECEIECIIIEEIEECICIEIEIECICEIIEEEIEICIEIEEIEIEIIEIIIEEEIIEIIIIEEEIIEIIEIEIEIIIEIEIEEIIIEIEEIIEIIEIIEEIIEIIIEIEEIEIIEIIIEIEIIIEEIIIEEIEIEIIIIEEIIEAEIIIIEIIEACIIIIIEEIAICIAIIEEIAICIAEIEIAICIIAEIEIACIIIIIEIAAIICIIEAAIICIIIIEAAIICIIIIEAIICIIIAIIIICIIAIIICIIIIAIIIIIIIACIIICIIIAICIICIIIICIICIIIIICIIIIIIICICIIIIIIICCIIIIIICICIIIIICEIIIIIIICIIIIIICIIIIICIIIIEIICIIIIEIICIIIEIICIIIIEIIICIIIIEICIIIIIEIIIIICEIIIIICEIIIIICEIIIICEIIIECIIICIEIICIIIIECIIECIIECIIECIIECIEICICICICICIIIIIIIIIIIIIIIIIIIIIIIIIIIIIIIIIIIIIIIIIIIIIIIIIIIIIIIIIIII,7,8,8,1
CEIIECICECEEIICECICECEEIIECCICECEEIECCICEEECIECCEEIIECCECCIEECIECCCEEIECECCCEIIEECCECEICIECEECCEICICEECCEEICIEECECCEICIEECCCEIECICECEEIECCICECEEIECCICCEEIEECCIECICECCCCICEEIECCCEICEIECCCEEICEECCECCIICEECCECICCCEECCECICCCEECCECICCCEECECEICCCEECEEIECCEECECICEECEECECIECECCECIEEECICECIEEECCICECECIEICICECIECICIECCECECIIEICCECCIIIEECCECCIIIIECEEEIICIEECEEEIIIIECCEIIIEIEECCEIIEIEEICCEIIEIEEJICIIEEIEEIJCIEIIEEIJICEIEIIEIIIEIEIIIIIIEEIIEIIIIEIEEIIIIIIEIEIEIIIIICIEEIIIIIICIEEIIIIICIIEEIIICIIIIEEIIICIIIIEEIIIACIIIEIIACEIIIIEEACIIIIIIECEIIAIAIAEEIAIIAIACEIEAAIIICIEIEAIAIICIEIIAIIACIIEIIAIAIICIEAIIAIICIIEIAIIICIIIEAIIICIIIIEIAECIIICIEEICIAICIIIIIICAECIIIIIIAICEIIIIIIECIIIIIIIEIIICIIIIEIIICIIIIEIIICIIIIEIIICIIIIEIIICIIIEIIICIIIIEIIIICIIEIIIICIIIIIIIECIIIIIIIECIIIIIECIIIIECIIIIIEICIIIIEICIIIIEICIIIIECIIIECIIIECIIICIICIICICICICIIIIIIIIIIIIIIIIIIIIIIIIIIIIIIIIIIIIIIIIIIIIIIIIIIIIIAIAIIIIIIIIIIIIII,7,9,8,1
EEBCECICECEEECCICBECEECECIBECCEECECIECBCEECECIBCEECCCEIIECECCCEEIIEECCCCEEEIICCECCEEIEIECCCCEEIEICECCCEEEIIECCCCEEIEICECEEEECICEICEEEECIICECEECECIEIECECCECIIECECEECICICCEEECCIICEEECCCCICIEEECCCCICCEEECECCICCEEECECCCICEEECECCICCEECECCIICCCECCCICECEICCCCICECICECCCICECICECCCIECCCICCCEIECICCEICEECCICCEIECCICECEIIECECICCIEICEECICCEIIECECICCEIIECECIECEICECIEEECIECICEIECEEIBIIIIECIEEBIIIIECEIBEIIIIECEBIIEIIICEIIEIIBICIIEEIIBIIIEICEIIIBIICICIIIBIIICICIIIIIIICICIIIIIIICICIIIIIICIICIIIIIIIICIICIIIIIICCIIIIIIIIEAICIIIIIIECIIIIAIEIICIAIIIIEICIIAIIACIEIIAIIAICEIAIIIACIEIAIIIAICEIAIIIAICEAIIAIICIEIIIAIIIECIIIAIIEECIAIAIICECIAIAIICECAAIIICEICIIACIEICIIACICIIIIECIIIIIIECIIIIIIECIIIIIIECIIIIIIEIICIIIIEIICIIIIEIICIIEIIIICIIEIIICIIIEIIICIIIIIEICIIIIIECIIIIIIECIIIIIEICIIIIIECIIIIIECIIIIEICIEICIEICIEICIECIECIECIECIIIIIIIIIIIIIIIIIIIIIIIIIIIIIIIIIIIIIIIIIIIIIAIAIAIAIAIAIAIAIAIAIIIIIIIIIIIIIIII,7,10,2,1
FEJFEEJEBFEJJEFEJEBFEJJEJEBFFEJEJEBEFFEJJJEEEBFFEJJEEJEBFFEJJEEJBFEEJJEFEJFCEEBJFEJEFECBEJFEJFEEECBJFEJEFEEBEJFEJCFEEBEFJEJCFEEEBFEJJCFEJEHFEEJCEHEFFEJEJCIEFFEJEJCEIEFFJECCEEEIFFJECCEEFCJICEFCEEFJCEICFJEFCJCICEFJECFCJIECFEJCFECIJCFEJFCIJCEFEJCFCCEIJFJECFCJECIFEJECIECFFEJEJCCIFFEEJECJCIAFEJECEJIAFJCEECEJFIECJEACEAFJAECIAEAFJIACJEAEAJFIJECAAEAJFJICEAAEAJFIJACAEAEIFIJACAEAEFIIACAEAJEIACIFAEFEICACAFFAEIECCAFAAFEIAECFAFEHEIEAFIHFCEAAEFIIFCEHAEAFICIAHEGAEIFCIAJHGAEIFICAHJGEAIFFCIHGEAJIFICFHGAEJIFCIHGEFAJIICFGEFHJICIAGFJHJIJCIAGFJHJICJAFIJHJIGJAFCIHJJGJAFCIJJJJHJFICJJJJJHGCJJIJJJHGICJJJJJHGCIJJJJHJGICHJJHJJIIJJGHHHJIIJGHJHJIIHJGJJHIHIHFGJHJIHHGIJJHFHHGIIHAJFHHGIAIJHFHHGIGIAJFHHGIIGAJFHHGAIGAFHHJGIAAGFHHJGIAAGFHHJAIAFGHHGJHAFGHAGJHAHGFAGJAHHHFGAAJAHGAHAAJFHAGAHAAJFAGAAHAJFAGAHAAJFAGHIAAJFAGHIAAFAJGHIAAFAJGHIAAAJHAIGAAJHHGAAAJHHGAJAHGAHJAGHHAJAGHAHJAGHAJAGAHHAGHHAGHAHGHAHGHAHHGAHHGHHGHGHHGHHGHHGHHGHHGHHGHHGHHGHHHGHHGHGGHGHGHGHGHGGGGGGGG,8,1,9,1
ECFGJEEBEJECFGJEEBEJECFGEBJEJEEFCGJEBEEFCJEGJEBEEFCJEGJEEEBFCJEGBEJEECFJEGJEEFEBJEGECEJEFJBECEGJFEHEJECEGJEEFHJECEGJEEHJECFJJEFHJEEFCJJEIFEJECFJJEIFCCFJEJCEIFCFCJFJCEFICCFJFJCCCIJEFJJFJICEECFJJJECJFCIJJJEEJCFCIJJECJEFCJIJJECJECJIJJEFJECICJJJEFJEJCIECJEFJECIJECJFEJECIJCFEEJJECJICEFEJJECIJCAEEJFECIJCEAEFJECGIACEJFEEGCAICEFJEEJCAGIEJEJFCEIAGEJEJFECGIEJEAFCAIGJEJEAFAEJIAEJEAFAEJAIEJEAFAEAIIAEEJFAEIIAEAJEFAEAIIAEEJFAEIIAAEEFJAIAIAIJJFAIEAAIIJFJIEAIAIAJJIEFIAHIAJFIEFAIIAJFEHFAIIIAFJHEFIAIIAJAHEFAIIAIJAEHFAIAEIEHJAFIEAAIEHJFAGAEIIEHJFAEGAIHHEJAFGHIHEHJAFHEGHHEJAEFJEGHHJAEFJHHEGJAEFHHCGJAEJFACHJGGEJFHCAJGFJEFHACGJFEJFHACGCJJJFHACGJCJJFCHAHJJJJFCHHJAJJJJHHJCAJJJHHJAJJCJJJAHJCHJHJJACJJHJHJJAJCHJHJJGJACHJHJJGAJCHJHJBGJACHJBJGHJACHBFJHGJACHFJGHJACHFJHGJJAFHJHGJFAIJHHAHFAIJGHHAFAIJGHHAAIJGFHHAIAJGFHHAIAJGFHHAAIJGFHHAIHFHJGHAIHFHJGHAIHFHJGHAIHHFHGHAHHHGHAHHHHGGAAHHHGAGAHHHAAGAHHHAAGAHHHAAGAHHHAAGHHHAAGHHAHGAHHHAAGHHAHGHHAHGHHHGAHHHGAHHAGHHAGHHAGHHAGHHAGHHAGHAGHAGHAGHAGHGAAGAGAGAGAGAGAGAGAGAGAGGAGGGGGGGGGGGGGGGGGGGGGGGG,8,2,9,1
CEEJEJJJHECEEJEJJJHEECEJEJJJBECEJJEJJBEECJEJJEBEEJJJEJBCEEEJJEJBECEEJJJECEBEJJEJJECEEJEJFBJCEEJEJFHEECEJEFJJHEECEJFJJFEHCEEJFFJJEHECCJFJFJIEECCJJFJJIEEEJJJJEICFEJJJJEICEFJEJJCEIEEFJEJICEEJJEEIJEECJEJJECJEJJEJIEEJECJJEJIEEJCJEAJJIEEJCJJJEAIEEJCJEAJJAEEJCJJJEAEAEJCJEJAJEAEJJJEJACCAJEJJCEAJCAJJECEAJCJAJEJCAEACJAEECACJJAJIECEAJJJAICEACJEAJJICEACJJJAAIEEACJFJAAIEEACJFAAJEEAECJAFJAEEEAJAFJHEEJEAJFJAEJEHJAJFEEAJEHFAJEAEEJJHAFEAEJEJJHAEEJAJFJHEAEAIJJFHEEEGIJFFAHCEEIGFAJFJICEIGJFAFJCIEGIJFAFJCIEIGJEAFJCIEGJEFAJCIIGEJAEFCIAJJEHFCIAEHJHEJCEIAHJJHCAIJHJEJJHJIHAJJJECHAHJJJJECHJAHJJEJHCHAHJJJHEJCHJHJFJJHCHJHJFJJHCHJHJFJJHCHJHJJFHHCHBJHFHCHHJJFHHHCBHJFHHBHCAJJHIBAJJFHHBAJHJJIHHJJJHIAHJJHJHIAHJHJHJIAHJHJJHIAHJJJHHAIHJHJJHIAHJJHHIAJHJJHHHAJJJHJHHAJJJGAHHJJJHAHJJGHJHJJGHHAJHGJJHHAHHJGJHAHAJGJHHHAAHAJHJHAAHJJAHAHAHAHJAAHJAHAHAJHHAAHJAHHAJGAHHJHAHGAJAHAGHAHJGAHAHJAGHAHJAGHAHJAGHAHAJGHAHAAGHHAGAHHAGHAGHHAGHHAHGAGHAGHGAHAGHAGHAGHAGHGAHGAHAGAGAGAGGAGHGHGHGHGHGHGHGHHGHGHGGHGHGHHGGHGGGGGGGGGGG,8,3,9,1
CJEJECEHJEJCEJECEHJEJECEJCHEJEJJEECCEHJEJCJEECHJEEJCJECEHJEJEJCCEEJEEHJCEEJJCEEHJCEEJJCEEHJCEJEJCEEJHCEEJCEHEJCEJEJCEHECJJJEECHEFEJCJCCEEHFEJJCCECJIFEJCCJECIFEJJCJCJCIFJJECCJJCIFJEJEJCJEFIEJJECJFJEIEJJECJFEEEIJJEJEECEJIEJEJECEEJIEEJJECEIJEEEJJECEIJEEJECEEJIJEJEECEJEJIAEJECEEJIAEJJECEJEIAEJJEJEEJIAJJEEJJEAEJEJIEJJAEEEIJJEJAAAEJIEJEAAJIIEJEAAJAIJIEJEAJIJAIIJAJEEAIJIIJAEJEIJAIIJAEJEAJIIEJAEFEIAIIEAEEJEAIJIEAEEJEIIAJEAEJEEIAJHIEJEEEAIJIHEEJEEIAIJHEEJEEAIIJEEJEAHEIIJJECEHEIJAIACHEEEJIAIACHEEEIJAHACJEEEIAJHACJEEEJIHHCJIAEEJIHHCJEAIEJHHJJICAEJHJHAIJCEHJJHAJCIEHJJHIACJEHJHIACEJHJHJAICEJJJHHJCJIJEJHHCJJIJEJHHJCJAJEJHHJCJAHJHHJCJAHJJJHHCJAJHJJHHJAHCJJJHJAHHCJJJJCAHHJJJICAHHBJIAJHBJHJIIAHBJHJIIHJAHBJIIHJHAHIHIHJHAHIHIJAHHHIHIJAHHHHIIJHHAHHIJAIHHHIHAIHHHIHIHAAHHIHAAHHIHAHHHAIHHHHAAIHHGAAHIHHGAAHIHHGAAAIHHGAAAHIHAAAAHIHAAAAIHAAAAIHAAAAIHAAAAIHAAAAIHAAAAIAAAAIAAAAIAAAAIAAAAIAAAAIAAAAIAAAAIHAIHAIHAIHAIHAIHJIJHIHJIJHHJHHHHHHHHHHHHHH,8,4,9,1
EHEEJJCICHEEEEJJCICEEHEJIJCECHEEEJJEICCEHEJEJIECHECEEJJIEHEECEJCIEJHECEJECEJIEEHCEJCEJHECEIEJCEJECEIEECEHCJIEEECEHEEJCICEHEEEJCICEHEEEEJCICEHEEECECJCEHEEEEECJCHEEEEECJIEJEJECCEJIEJEJECCEJIEJEJECCEJIEJEJEECEEJJEEJEIECJEJEJEAECJJEEEJEAECEEJJEAECEJEEJEAEJJEJCEEEAEJAJCJEEEAEJAJJEECEAEJAACEJEAJEAAECEJAEEJAAEJCEAEEJAAECECAEEJAEAECJECJEAAACEEJCEAAAJJEEJEIAAAJJEEEIAJJJAAEEEIAJJAAJEEEIAJJAAEIEEIAJJAAEEIEIAJJAAIEEAJJEIAAEIEAJEJIAAEAIAJEJAIAIEAAEJJAHIIAJEEJHAAIIEEJJAHIIJIEEJJIHIJAAEEJIEJAJAJEJEIEIJAJEEAJIEAJJAEAEJIEAJJAJEIEAEJGJEJEAEJGJIEJEAEJIGJEJEAEJJGIJEAEJEGJIJAEJIIJGEEJJIJIGEAEJIJIEAJGEJIICAJJGEIJICAJGJEJIIACJJGICJICAJJHIJICACJHJJICACJFJHIJCAJJJFHIJCAJHJFHJCAJIHFJHJAIHJFHJCJJIHCFCHAJHHBECAFHHJBECAHFHJHBECAHFHHBJECAHFHHJBECAHFJHCAHHFEJHCAHHFEJHAIHHFEHJIAHHEJAHHHEIJAHHEIAHAHJEIAHAJHEIAHHJEIAAHHJEIAAHAJEIAAHHAEIAAHHIAAAEAHHAAAEAHHAAAEAHHAAAEHAAAAHAAAHHAAAHHAAGAHAAAGHHAAGHHAAGHHAAGHHAHHAAHAAHAAHAHAAHAHAHAHAHAHAHIHIHIHHIHIIHIHIHIHIHII,8,5,9,1
CCHEEEECJICCEEEHEJICCHCEEEEJICHCEEECJECIHCEEECEJICCHEECEEJICHEECCJEEICHECCJEEECHEICJCEEECHEICCJEEECEICHCEEECJICCHEEEECJIHCCEEEEJCICHCEECEJICCHCECEJEICCHCEJCEJCJICCEJEEECJIEJCEECEJCIEJECECECIJJEECJEJCAJJEEJCEJCAJJECJJEECJJEAEJJJCEJEAEJJJJCEJIEAJJJJACJEIAJJJJAJCIAJJJEAJCJAIJJJEJAJCAIJIJEAJCJAIJEIAJJJCAJEIJJIACAJJEIJJAAIAJJEIJJAAIAJJEIJJAIAJCIIEJJAIACIEIJJACJAEIIEJAJJAECIIEJAJJAECIIAJJEAAECIIAJJEAGCEIIJAJEAHCEEAJIEAIHCEEJEIAAIHCEEJEIIAAHCEJEEIHAAHCJEEEHIAACHJEJEAIAHCHEJEHAAICJHEIECAAHJJCEIECAHAJJECICAHJJJAECICAHJJAJCECIHJJAJAECCHJIJJAACECJJAIJHCCEJJBAHJCCEJBBAJHCEJBCBAHCJEJBBACHCJECHBAHCJJECBHHAHJICCHBHAHJCIBCHHHJAIBICHHHJABICIHHJABIJHHIAJIIJHIHJAIJHIIHAIJIHIHAIIHJIHAIIIJHAIHIJHIAHIIIHIAHIHIAIHHHIIIHAHIHIIHAHHIIAIAHIHIAIAHHHHAIAHHHAHAIHHHAHIAHHHAHIHAHHIHAHAHHIHAHAHHIHAHAHIHHAHAIHAHIAHAHAHIAHAHIHHAIHHAIHHAIHAIHHAIHHAHHAHHAHAAAAAAAAAAAAAAAIIIIIII,8,6,9,1
CECEEIHCJEECHCEEICJECECEEIHCJEEHCEECICJEEEIEHCCJECEHEIECCJCEEEHEICCJCEEEHEICJCCEEEIECCJCHEEIEECECHCEECEECEIHCEECCEHIECEEECCEHCICEECECEHCICEECECECHJCEEECEHCJCCEEEECIJCCECEEIECJCCEECECEIJCCEJCEEIJCECACCJJJCEEACIJJJEEACICCJJEEACICJEJEECICJJEAJEECEIJJEAJEJAEJCJEAJEJAEJCJEAJJJACJEEAEJJJACJEEAEJJACJIEAJEJJJACEIAJEJJAJCCEIHEJCACEJHEAIJAECJHEAJIAJJEAEJCIHAEJJIIJCIHAEAJIIJEIHAEAIIJJEIHAEAJIIJEIHAAJJIEEIJAIAJIJEEIJAIAIIAEEIJCAAIIAEEIJCAAIAEEIJCIIAAEEAJCIIAAEEAJICIIAAEAICIEJIAEAJCAIEIJAAEJAACEIJAEACEAJAIJAEACAAJEIJAAAAJEEIJCHAIAJJEIJCHAJJIAEBJCHACIAJEBJCJAHIEBAJCCJAHIEAJCCBJIHEAJCCABHJACCAJBIJHJACCIHBJHJACHCIBJHJACCHIBJHACCHIJBJHAHCIJBJCHACHIJBJCHAHCIBBCHACIHBBCHHABBCCHHBAJCBHBAJCHCBAJCHHCHACJHACHAJCHACHGJAJHCHJAJHHCHIAHCHJHHAHHIJHHHAIHIHHAHHIIAHHHIHIAHHHIHIAHHHHHIHHHHAHIHAHHAHIHAHHAHIHAHAHHIAHHAIHAHHAIHAHHAIHHAAAHHAAHAAHAAHAAAAAAAAAAAAAAAAAAAAAAAAAAAAAAAAAAIIIIIIIIII,8,7,9,1
HECEIJEJECEHECJIJECEEHECJIJECCEEHJIEJECEHECJIEEJCECEJIEHEECCEEIEEHECJEECEIEHCJEECIHEEECJCEEIECHEEJECEEEEHICJEEICEHCJEECECCEHJIEEECEHCCJJEECECEHCJEECJHECEJEJCECCEHEJJECECJCEJCJEHEECJEJCIEEJJECEJACIECECCJICAJECCECCJIJAECCJEJCIAJCJEEJCIJCCJEAECICJEJJAEECACJEJAEECAEJJEJAEEAJJEEJBEEAEJJECJAAEEEAJEEEBAAEEAJEABAEEEEJEJAAAEEEEJEAIJEHEEEJEIJAEHEIEJEAIJEEEJHEIAIJEJEEHIIAJEEEEJHIAIJEEEJHIIEAJEEEJHIIAEEEEIJHIAEJEEHEJIIEAJEEEHIJAIEEEJIEJIEJEEIEAJJIEAEEEIAJJIEAEIAEEJJIEAEIEAJAEEJEIIACJAEJEIACAJEEAEJICAAJEJAEICHEJEJAJICJHJEJJAIJHJECAJJIHJJECAJJIHJECJJJIAJECHJJJIAJECHJJJIAJECJHBJJAIICHJBJAJICHIJJBAHCIHJIBAJCBHHJIJBACBHHJIBJABCHJIJBABHJICJABBHICJABJBHIJJHJBAHIIHJBAHIIHJBHAIHHJAAHBIJAAHIIJHAAHIIJHAHIIAJHAHIIAIHHAIAIIHAAIAHHHAAIAHHAHIAAHHAHIAAHAHHIAAHHAHIAAHHHAAAIHHHAAAIHHHAAAIHHHAAIHAHHHAIAHHHHAIHHAAHIHHAAHIAHAHIHAHHIHHAHIHAHIHAHHAIHIAHIAHIAHIAHIAIAAAAAAAAAAAAAAAAAAAIIJJJJJ,8,8,1,1
JJEIEEECHJJCEIEEECJJHCEIEECJEHECEIEECJHEECEIEEHJECCEEIEEJHECCEEIEJHEECECEEIHJEECCEEIEHJEECCEEIHEJEEECCEIHEJEECCEEEECICEHJCEEECICHEJCEEEICCEJHECECICEJHEJCCICCEHJJCECICJHECCJCIEIEJJEJCCEIEIJJECJCEIEAJJEJEEIAEJJCEJEEJAECJJEJEEJJJAECEJEAEJCJEAAJEJJEJCEAAJEJCJEJEAAEEJJJJEAEEIJAJJJEAEEIJJAJJAEEIEJAJJAEEJEIJAJJAEJJIEHAJJAEJJIEAACAEJJJEAICAAJJEJIAECAAJJEJEIAAJEJJEAHEIAJJEJEIEHAIJJEEIEHJIAEJJEIAEIAJEJHEEAEIAJEJHEAEEAIIEHEAEJAEIEIHEEAJEAIEIHJEAJEIAEHJIEAJEAIHEJIAJEEAIHEJIAEIJHJAIEAJEJJJAIJIAEEJJJAIIJEEJJAJIHJIEECAJIHJIEJCJAIEHIJJACJAEIHAIJCJJAIEHJIACJHAIEHAIJCAHJBEHIJCAJHABEHIJCAHAJIBHJAIHJICJJHAHIJCJJIHIAHJCJJHIHIJJAJJIHHIJJJAIHJAIJJAIHJAJIJJAJIJIJAJAIBJHJAJABIJHJAJAIBJHJAJAIHJHAIJAIHJAAHHHJJIAAHHHJJIAAIHHJJIAIHHJAJIIAHHAJIAJIHGJIHJIAHGJIHEIAHGJIHIEHGHIHEAHGHIHEAHHHIHAHHHIHAHHHHIAHHHHIAHAHHIAAHHHIAAHHHIAHHHIAIHHHIAIHHHIAIHHIAIHHIAIHHAIIHHIAHIAHIIAHIIAHIAIAIIIIIIIIIIIIII,8,9,1,1
EEHJCCEJEJHEIECCJEHIEJEEJCHECIJEEEJCEHEICEJEJCHECIEEJJECEHIECEJEJCEIHECEEJJCEEICEEHJJCEIECEHJJECIECEHJEEJCECIEEEHJJCEICEHEEJCECJEJHIEJJCJIEEHCJJJCHCEEIJJJJEHEEICJFJJEICEEJJJFJEAEJCEJFJJEECEJJAJFJEEEJCJAJFJEECEJJAFJJEECJJAJEJFECJEJFJAJJEECCJAJJFEEJCJACFJJJEEJACFCJJJEAEJCCJJAFEAACJCJJAFEJEAACJJAAEJAEACJJAAEEAJCJAAJAEJAECJEAAAEEJACJEAAAEEACJJAEAAECEAJAAJAECEEAJAAJAEJAEEAAAJJEEJAEAJAJAEEEJAAJJEGAEAJAEAJEAGEEIAIHJAGEEIEIHAJGEAEHAIEJIAEGEEAIHJIAEGEIEHAJIAGEEEIHJIAAEGEIEHJAIGAEEIEHJJHAHEIEJJEHHJEAEJIIHJHJAEEJIIHJJHEHEJIAHJJHHJIAIHJJJHJHIJIAJAJHJHIIJAABJHHJIAIAJBJHHJIJIBJHAHJIIJBJAJHHIJIBJHHAIJJHIJHAHBJJJHAIHJHBJIJAJHJHBJJAIHJHJHJAJIHJJHHJJIAHJJHJIAJHJJHAJIHJJJHJIAHJJJHIJHJAJJHIJAJJJAHIJAJJAHJJAAHJIJHHEIAJAJHIHEAAJJHEIHGAJJIEHGIAJJIHEIGAJAAEGIAHAJAEIHAHAJAIHAAJHAIAHHAJAAAHJAHAAHHAAJHAAHJAHHAAJAHAHJAAHAHAJAHAHJAAHAHAJIHAHJIHAHJIHHAJIHJHAIHAIJHAJAHIHHAIHHIAHIHAIAHIAHIAHIAHIAHIHAAHAHAHAHAHAHAHAA,8,10,5,1
JJJFFEFFFFJJJFFFFFFEJJJFFFGFFEJJJFFFGFFEJJJFFFGFFEJJJFFFGFFEJJFFFGFJFEFFFJFFJJEFFJFJFJFEFFJJFFFFEFFFJJFFFFEFFFJJFFFFFFFFJJFFFFFFFFJJFFFJFFFJJJFFFJFFFJJJFFFJFFFJJJFFFJFFFJJFFFFJFFFJJFFFJFFFJFFFJFJFFFJFFJJFFFFJFFJFFFFJFJFFJFFFFJFJFFJFFFFGJJFFEFFAJGJFFFEFFAGJFFFJEFFAGJFFFJEFFAGJFFFJAFFAGJFFFJAFFAGJFFFJAGJFAAFFJFGAJAFFAJFFGAAFFAJFJJAFAAFJGFJJAFAAFGJFJGAFAFAJGFJGAFFAGFHGGJAFGFGFGGGJAAFGGFGGGJAFAGGGFGGJAFAGGGFGGHJFAGGGFGGJGHGGFGFGJGHGGGFGGAFGGHGFGGAFGGHGFGGAGFGGHFGGGAGGFGJFGGAGGGGJFGGGGGGAJFGGGGGGAJFGGGGGGAJGFGGGGGAJFGGGGGGJAFGGGGGGJGJGGFGGJGGJFGGGJGGGJGFGGJGGJGGFGHJGGJGFJGHJGGJHFGHHGFGJHFGHGFGHJHFFHGFGHJHGFHGFGHJHGFHGFGHJHGFHGFGHJGFHGFHGHFHJGFHGHGHHHFGFGHGHHFGHHGGHHFGHHGGHHFGHHGGHGGHGFGHGGGFGHHGGGFGHHGGGFGHHGGFGAHGGFGAHGGAAGHGAGAHHGAAGHHAAGHHAAGHHAAGHHAGAHGAHAFFFFF,9,1,9,1
FFBFJFFFFBFGFJFFFFGFFFFJFBFFFGFFFJFBFFGFFFJFFBFFFFFJFBGFFFFFFGBFJFFFFFGBFJFFFFFGFFBFJFFFFFBGFJFFFFFGFBFFJFFFFGFBFFFJFFFBGFFFFJFFFFFGFJFHFFFGFFFFFHFFFGFJFFFHFFFJJFFFFHFFFJFFFJHFFFFFFJJHFFFFFFJJHJFFFFFJFJHJFFFFFJJFHFFJFFFJJHFJFFFFFJJFAFFJFFJFFJAJFFFJGFFJFFJAFGJFFJFJFAFGFJJFAFJAFGFJFJJAFAGAJFFJJJAAGAJFJFJGGFGAGFFJGGJFGAFFJGGJFGGAFFJGGGJFAGFFJGGGJFGGFFJGGJGFFGGFJGGGJGFGGJGFGJGGGGFGJGGGJFGFGGGJGGFJGGGJGFGFJGGGGGGGFHJGGGAGJFHGGGGGAGFJAGGGGGGFJAAGGGGGGFAJAGGGGGGJFAAGGGGGGFAAJGGGGGJGAAFGGGGGGFAAGGGJGJGFAAGGGJGGJFGAGGGJGJGGGGGJGGGJGGGGGJGGJGGGJGGGGFJGGJGGHGJFGJGGGHFGJGHGJFHGJFGJHGFHGFGJHJGFHHGFHJJGFHHGFHJGFHHJGFJHGFHHJGFHJGGFHJFJHGGGJHFFJHGGHJFGFJHGHJFGFGJGHHHGFGGGHHHFGHGGHHHFGHGGGHHGAGGHHGAGGGHGAGGHGHAAGGHGHAGGHGHAGHHGGAHHGGHAHGAHGGGHGGGGGHGGGGHGGGGHGGGHHGGHHGGHGGHGHGGGGGGGGGGGGGGGG,9,2,9,1
FFHFFFJFFFFFFFFFJHFFFFFFHJFFFFFFFFJHFFFFFFFFJFHFFFFFFFJHFFFFFFFFJHFFFFFFFJHFFFFFFFJHFFFFFFFFJHFFFFFFFFHJFFFFFFFFHFFFFJFFFFHFFFJFFFFFFFFHFFJFFFFJJFHFFFFFFJHFFFFFFFFJFFHFFFFFFJFFFFGFFFJGFFFJFFFFJFFGFJFFFFFGFJJFFFFFFFGJJFFFFFFGFJJFFFFFFGJJFFFFFFGFJJGFFFFFFJJFGFGGGFJJFGGFGFGFJJFFGFGGFGJJFGGGFGFGJJFFGGGFGGJFGFGJFGGGJFFGGJGGGFFGFJJGGGGFFFGJJGGGGGFGFJJGGGGGFFJJFGGGGGFFJJFGGGGGFJHFGFGGGGJGAFFGGGGGJGFAGFGGGGGGFAGFGGGGGGFAFGGGGGGFAFGGGGGGGFAFGGGFGGFAFGGGGFGGGFGGGGGFGGFGGGGGGGFGJGGGGFGGGGJGGGGGFGGGGJGFGGGGGGJGFGGGGGGJGFGGGGGGJGFGGGGGGJGGGGGGFJGGGGGFGGJGGGGFGGGJGGGHGFGGJGGGHFFGGJGHHGFFGGJGHGHFFGGGHHJGFFGGHJHGFFGFGHJGGFFGGHHJGFGGFGHHJFHGGFGHHJHGFGFGHHGFGFGGHHGGFGFGHHGGFGFGHHGGFFGGHGGHFGFGHGGHFGGGGGHHGGGGHHGGGGGHGHFGGGHGHFGGGHHGFGGHHFGGGGHFHGGGGHHFGGGGHFGHGFGHFGHFGHGHGGGGGGG,9,3,9,1
GFFFFFFJHFGFFFFFFHFGJFFFFHFFGFFJFFFHFFGFFJFFFHFFGFFJFFFHFFGFFJFFFHFFGFFJFFFHFFGFFJFFFFFGFFHJFFFFFJHFFGFFFFFHJFJGFFFFFJHFGFFJFFFHJFGFFJFFFHFGFJJFFHFFGFJFJFFHFFGFFJJFFGFFGFFFJFFGFFHFFFJJFFGFHFFFJJFGGFHFFFJJJFGHFFGFJJFJFGFJGHFFJJFFGJGHFFJJFFAGHFFJJJFGAHFFGJJJGAGHGFJJJAGFHGGFJJJAGGHGFGJJJAGGHGFGFJJGAGHGFGFJJGGGHGFFGJJGGGHGGFFJJGGHGGGFFJGJFFFGGHGGFJGFGGHGFGJFGFGGHGFGJFGFGHGGFJGFGGHGGGFGGGFGHGGGFGGFGGHGGGFGGFGGHGGGFGGFGGHGGFGGGFGGHGGGFGGFGGHGGGFGGGGHGFGFGGGGGFGGFHGFGGFGGGHGFFGGFGGGHGFFGGJGGHGGFGGJGFHGGGFGGJGFHGGGFGGJFFHGGGJGJFFHGGGJGJFFHGGGJGJFFHGGGJGJFFGFGGJGFFGJGFHGFGFJFGHGGFGFJFGGHJHGFJHFGHJHGFJFGHHHGJFJGFHHHGJJFGHFHGJFJGHFHGJFJGFHHGJFJGFHHGJGGFHHGGGGHJHGGHGHHGGGGHHGGGGGHHGGGGGHHGGGGGHGHGGHGGHGGHGGHGGHGGHGGHGGGGGHGGGGGHGGGGGGHHGGGGHGGHGHGGHGGHGGHGGHGGHGGHGHFHFFFFFFFJ,9,4,9,1
FFFFFJFJFFFFFFFJFJFFFFFJFJFFFFFFFFJJFFFFFFFJFFFJFFFFFJFFFJFFFFFFFFJFFJFFFFFFJFFJFFFFFFJFJFFFFFFJFJFFFFFFFJFFFFFFFFFJFFJFFFFFFFJFJFFFFFJFFJFFFFFFJFFJFFFFFJFFFFJFFFFFFFFJFFFJFFFFFFFFJJFFFFFFFFJJFFFFFFFJFJFFFFFFFJJFFFGFFFJJFFJGFFFFJJFFJFGFFFJJFFJFGFFFFJFJFFFFFGGJFJFFFFFGGJFJGFFGGJGFJFGFGGJFGFJFGGGJGFFFJFGGGJFGFFJFGGGJFGFJFFGGGJFGJFFFGGGFGFFJFJGGGFGFFJGJGGGFGAFJGGJGGFGGFFGJGFGGFGGFGGGFGGFGGGGGGGGGGGFGFGGGGGGFGGGFGGGGGFGGGFGGGGFGGGGFGGGGFGGGFGGGGFGGGFGGGGGGFGJGGGGGGFGGJGGGGGGGFGGGGGGGGJGGHGGGGJGGGFHGGGGJGGHFGGGGGGFGGGJGGHGGFGGJGGGHGGFGJGGGGHGFFGGJGGGHGFFGJGGHHGGFFJGGHGGGHFFGJHHGGHGFFJGHHGHGFFGJHHGHFFFJGHHGHFGJHHFFGFHJGHGFGGHHFFGGJGHGHFFGJHGHGFFGHGJHHGFGJHGHHGFGHJHHGGFGHJHGGFGGJHHGGGFGHJHGGGFGHHGGGGGHGGGGGGHGGGGGGHGGGGGGGGGHGGGGHGGGGGGGHGGGGGHGGGGGGHGGGGGGHGFGGGGHGFGGGHFGGGFGGGFGFGHHH,9,5,9,1
JFFFJFFFJFFFJFFFFFFJFFJFFFFFJFFFJFFFFFFJFFJFFFFFFJFFJFFFFFFJFJFFFFFJFJFFFFFFFJFFFFFFJFFFFJFFFFJFFFFFJFFFJFFFFJFFFFJFFFFJFFFFJFFFFJFFFJFFFFFFFFFFFFFFFFFFFFFFFFFFFFFFFFFFFFFFFFFFFFFFFFFFFFFFFFFFJFFFJFFFFFFFJFJFFGFFFFFJFJGFFFFFFJFJFFGFFFFJJFGFFFFFFJJGFFFFFJFJFFGFFFFJFJJFGFFGFJFJJFGFFGFJFJGGFFGFJFJGGFFGFJFFJGFGFGFJFGGJGGFFFGGFJGGJFFFGFGJGJGFFFGFGJGJGFFFGFGFJGFFFFGFGGJGFFFGFGFGGFFFFFGGFGGFFGGGFGFGGFGGGGFGFGGFGGGFGFGGGGGFFGGFGGGGGGFGFGFGGGGGFFGFGGGGGFGFGFGGGGGFGFGFGGGGFGGFGFGGGGFGGFGGGFGFGGGFGFGGFGGGGFFGGFGGGGFFGGGGGGGFFGGGGGGFGFGGGGFGGGFGGGGGGFGGFGGFGGGGFGFGFHGGGFGHFFHGGGFGFHFHGGGFGHFHGGFFGGHFHGGFFGGHFHGGFFGHHFGGGFFGHHFGGGFGGHHFGGFGGGHHHFGFGGGHGHGGGGFHGGGHGGHFGGHGGGHFGGGHGGFGHGGGFGGHGGGGHGGGGGHGGGGGGHGGGGGGGGGGGGGGGGGGGGGGGGGGGGGGGGGGGGGGGGGGGGFGGGFGHGFGHGFGHFHFFFF,9,6,9,1
FFJFFFJFFFFFJFFFJFFFFJFFFFJFFJFFFFFFJFFFFFFFFJJFFFFFFFJJFFFFFFFFJJFFFFFFFFJFFJFFFFFFJFFJFFFFFJFFJFFFFFFJFFJFFFFFFJFFJFFFFFJFFFJFFFFFJFFFJFFFJFFFFFJFFFFFFFFFGFFFFFFFFFFFFFFFFFFFFFFFFJFFFFFFFFJFJFFFFFFFFJJFFFFFFFJJFFJFFFFJJFFFJFFFFJJFFFJFFFFJJFFJGFFFFJFFJJGFFFGFJFJJGFFFGFJJJGGFFGFFJJJGGFFGFFJJJGFFGGFFJJJGFFGGFFJJJGFGGFFFJJHGFGGFFFJHGFJGFFFJGGGFJGFFFJGGFGJGFFFFGGFJGGFFFFGFGJGGFFGFFFGJGGFFGGFGFGGFFGFGFGFGFGGGFGFGGFFGGGFGGGGFFGGGFGGGGFFGGFGGGGGFFGGGFGGGFFGGFGGGGFFGGGFGGGGFGGGFFGGGGGFGFGFGGGGFGGFGGFGFGGGGFGGFGGGGGGFJFGFGGGGFJFGGFGGGGFJFGGFGGGFJFGFGGGGFJFGGFGGGFJFGFGGGGFJFGGGGGFJFFGGGGGFJFGGGGHGJFFGGGGHFJGFGHGFJGHHFGHGFGHHFGHJFGHGHGJHFGGGHHGJHFGGGHHGJFGHGGHHGJFGHGGHHGJHGGHHGGJHGGHHGJHGGGHJGHGGGHGGGGHGGGGGGGHGGGGGHGGGGGHGGGGHGGGGHGGGGHGGGGGGGGGGGGGGGGGGGGGGGGGGGFHFHFHHFFFFFFF,9,7,9,1
FHFFFFFJFFFHFFFFFFJFGHFFFFFFJFGFHFFFFJFFGHFFFFJFFGFHFFFFJFFGHFFFFFFGFHFFJFFFFGFFJFFHFFFGFFJFFHFFFGFFJFFHFFFFFJFGFHFFFFFJFHFFFFFFJFFHFFFFFJFFFHFFFFFFJFFFGFFFJFFFGFFFFFJFFFFGFFFFFFFFGFFFFFFFJFGFFFFFFFJFFFFGFJJFJFFFAFJJFJFFAGJJJFFFFAGJJFJFFAGJFJFFFJFAGJFGJFFJFAGJFJGFFJFAGFJGFJJFAGFGJGFJJFAGFGJGFJFJAGFGGJGFAJGFFGGJGFJFFGGAGJGFJFFGGGGJGJFFFGFGJGGJFFGFFGJGGFFFFFGGGGFFJFFFGGGGFFJFFFGGGGFFFGFFGGGFFGGFGFFFGFGFGFGFFFGGGGFFGGGFGGGFGGGFFGGGGFGGGFGFGGGFGGGFGFGGGGGGFFFGGGGGGFFFGFGGGGFGFFGFGGGGFGGFGGFGGGFGGFGGFGGGFGGJGFGGFGGGJGGFGGFGGGJGGFGGGGGJGGJFGGGGJGFJGFGGGGJFJGFGGGJGFJGFGGGJFGJFGGGGHGJFGFGGGHGJFGGFGHGGJFGGFGGHGJFGHFGHGGJFGHFHHGJFGGFHHHGJFGGFHGJHFGHGFHGHGHGGHFHGHGHGHGFHGHGHGHGHGGHGGHHGGGGGHGHGGGGGHGHGGGGGGGGGGGGGGGGGGGGGGGGGGGGGGGGGGGGGGGGGGGGGGGGGGGGGGGGGGGGGGGGGGGGGGGGGGGGGFGFGHFHFHFHHH,9,8,5,1
FGFFFFHFJFFFGFFFHJFFGFFFFHFJFFGFFFHFFJFFFGFFHFFJFFGFFHFFFJFFGFFHFFFJFFGFFFHFFJFFFGFFHFFJFFGFFFFFFFHFGJFFFFFFHFJGFFFFFJFJFGFFFFJFJFFGFFFFJJFFGFFFFJFJFFGFFJFFFJFFGFFFJFFFFFHFFFJFFFJFHFFFJFFFJFHFFFFFJFJFHFFJFFJFJFHFJFJFJFHFFFJFJFJGFFFHFJFJFGFJFHFJFJFGFJFHJFFJFFJGHGJFJFFFJGHGFJFFJFJGHGFJFFJFJGHGFFJFJFJGHGFJFFJFJGHGFJFFJFJGHGFHFFJGJHGFGGJFJGHFGFGGJFJFGFGHGJFGFGFGFHGJFFGGFGGHJFGFGFGGHGJFGFGGFGHGFGFGJGGGHGFFGGJGGGGHFGFFJGGGHGFFGFJGGGGHFFGFJGGGHGFFGFGGGHGGGFGFGFGHGFFGFGFGGFGHFGFGFGGFGHFGFFGFGGHGGFFGFGFGHGFFGFGFGGGGFFGFGGFGGGFJFGGFGGGGGJGFGFGGGGGJGFGFGGGGGJFGGFGGGGGJFGGGGGGJGFGGGGJGJGFGGGJGGJGGFGGJGFJGGFGGJGJFGFGGJGGHFGFGGJGHHFGFGGJGHHFGFGJGGHHFGFGJGGHHFGFGJHGHHFGFGHJGHHFGGHGHGJGHHGHGGJHGGHGHJGGGGHGHJGGGGHGHHGGGHGHHGGGGGHHGHGGHGHGHGGHGHGHGGHGHHGGHGGHGGHGGHGGHGGGGHGGGHGGGHGFHGFHGFHFGHFGHFGFGFGFGGFG,9,9,5,1
FGJFFFFFHFFGJFFFFFHFFGJFFFHFFGJFFFFHFFFGJFFFFHFFFGFFFFJFHFFFGFFFJHFFFFFFGFJHFFFFFFGFJFFFHFFFGFJFFFHFFFFJFFFFHFFFJFFFFFHFFFJFFFFHFFFFJFFFFHFFFFJFFFHFFFFFFFFFGFFFFFFFFFGFFFFFFFFGJFFFFFJFFJGFFJJFJFFGFFJJJFJFFFFJJGJFFJFFFJJGJFFFFFJJJGJFFFFFJJGJJFFFFJJJGJFFFFFJGJJFFFJGJJGGFFFJJGJGJGFFJJGJFJGGFFHJGJGFJGFHJGFJGFGFHJJGFFGFGGJHJGFFFGGHGJJFFFGGGGJHJFFGGFGGHGJFFGGGFGHGFFFGGGGGGGFFFGGGFGGGFFFGGFGGGFGGFGGFGGGFGFGGGFGGFFGGGGFGGGFGGGFGGFGFGGGGGFFGGFGGGGFGGGFFGGGFGGGGFFGGGFFGFGGFGGGFFGFGGFGGGFFFGGFGGGGFFFGGFGGGGFGGFGGFGFGGGFGGFGGGGFFGGFGGGGFGFGFGGGGFFGFGGGGGFGFFGGGGGGGFFGAGGGGFFFAGGGGGFFFAHGGGGFFFHAGGGFFJAHGGGHFFJAGGHHGFJAGFGHHGFJAGGGHGFHJAGGGHGFJGHFGHGFGHJFGGHGFGHFGHJGGFGHFGJHGGGGFFGHJGGGGFGFJHGGGGFFGHJGGGGGFGGGGGGGGGGGGGGGGGGGGGGGGGGGGGGGGGGGGGGGGGGGGGGGGGGGGGGGHGGGGGHGGGGHGFGHGGFGGHFGGGHFGGHFGHFFF,9,10,5,1
CCDDBDBBBBDCCDBBDBBBDCBDCBBBDBDBDCBCBBDBDBDBCBBCDBDBDBCCBDBBDCCBBDBBDBCCDDBBDBBBCCDDBBDBBBDCCDBBDBBBCDCDBDBBBBDCCDBDBBBBCDCDBDBBBBDCDJDBBBBBDBJBDBBBDBDJBDBBBBDBDJBDBBBBDBDBDBBBDJBBBDBBBDBJDBBDBDJBBDBBBDBDBJDBBBDBBDJBDBBBDBBDJBBDBBDBBDJDBBBBDBBDIDBBBBDBDIDJBBBBDIBJBDBBDBDIBBDBJBDBDDJBBBBDIBDDBBBBDIBJDBBBBDBIJDBBDDHBDBJBDBBDBHBJBDDBBDHBDJBBDBBDHDJBBBBDBDHJDBBCDBBDHJBBDCDBDHDBBBJCDHDJBBBBCDDHJDBBBBDCDDBJBBBDCHDBBDBBDHCJDBBBBDCHDJDBBHDCJBDBDBBCDHJBDBDBBDHCDBBJDBBHDDJBBCBDBDHDJBBCDBBDHJBDBCDBHDJBBBDCDHDJBBBBDCDHDBBBBBDCDDBBBBCDHBDBBBBDHCDBDBBBDCBDBBDBBDBCBDBCDBBCDBDBBBDBBDCBDBBBBDBDBDBBBCDBBDBDBBBCBDBDBBBDBCBDBBDBBDCDBDBBBBDCDBDBBBBDCDDBBBDBCBDBBBDBCDBDBDBCDBBBDBDCBDBBBBDDCIDBBBDBDIDBBBCBDDIDBBBCBDDIDBBBCDBDIDBBBCBDIDBBBDCDIDBBBBDCDIDBBBBDCDDBBBDCBDBBBDCDBDBDCDBBBDBDCDBBBDBDCDBBBDDDBBBCDDBDBBBDDDBBBBDDDBBBBDDBBBDBDBDBBDBDBDBBDBDDBDBBDBDBBDDDBDBBDDBDBBDDBDBBDDDHBBDDDBHBDDDHBBDDBDHBDDHBDBDBHDBDBHDBDBDBHDBDBHDDBBHDDBHBDDBBHDDHBBDDHBBDDHBBDHBDBDHBDBDHBDBDDBDHDBHDDBHDDBHDDBHDDBHDDHBDDHBDDHBDHDHDHDHDHDHDDHHDDHDDHDDHDDHDDHDDHDDHDDHDDHDDHDDHDDHDDHDHDHDHDHDHDHDHDHDHDHDHDHDHDHDHDHDHDHDBBBBBBBBBBBBB,10,1,0,1
DBBCDBBBBDDCBBBDBBDDCBBDBBBBDBCBDDBBBBBBDDBDBCBBBBDBDDBCBBBBDDBDCBBBBBDDDBCBBBBBDDDBCBBBBBDDBBDBBBBBDDBBBDBBBDDBBBDBBBBDDCBBBBDBBDDBCBBDBBDDBBBDBBCBDBBBDBBDCBBBDDBDCBBBBBDBDDCBBBBBDJDDCBBBBBDDDCBJBBBBDDDCBJBBBBDDCBBDJBBBDDCBBDJBBDDCBBDJBBBDDCBBBDJBBDDBBCDJBBDDBCBBDJBBDBCDBJDBBBCBDDJDBBBCBBJDDDBBBCBBJDDDIBBBCBDDDIBJBBCBDDDIBJBBBCDDIBDBJBBDDICBDJBBBDDIBCBDJBBDDIBCDJBBDDBCBDBJBIDDCBBDBJHBDCBDHDHBBCBBDDHDHBBBCBDHDDHBBCBBDHDDHBHBBCDDDHBHHCBBDDHBDHHCBBDDBHDHHBBDDCHBDHHBBDDBCHDHHBBDDJHBDHHBDDBJBDHHHBDJBBDDHHHDJBBDDHHBJBBDDHDHBJBBDDHDHBJBBDDDHBHJBBDDDHBHBJBDDBHDHJBBDDBHDHBBDDBHBHDBBDDBBBDHBBDDBBBDHBDDBBBDHBBDBBBDDHBBBBDDHDBBBBBDDHDBBBBHDDHDBBHBBDDDBBHBBHDDDBBHBHBDDBBDHBBHDDBBDHHBDDIBBDHBHDDBIBDHHBDDBBIDHHDDBBIDHHBDIBBDHDIBHBDDHDIIBBDDHDIIBBDHDDBIBBDDDIHBBDDDIHBBDDIHBBDDIHBDDBHBDDBHBDBHDBBHBBDHBBHDBBDHBBHDBBDHBDBHDBDHBDHBDHDHBDBHHBDBHDHBDHBDHBDBHDHBDBDHBDHHDHDHHHHHHHHHHHHHHHHHHHHHHHHHHBBBBBBBBBBBBB,10,2,2,1
BBBCBBCDDCBBBCCBDDBCBBBCCDDBBCBBBCCDDBCBBBCCDBDBBBBBCCDDBBBBBBCCDBDBBBBBCCDDBBBBBCCBBDDBBBBDDBBCBBCBBBBBCBCBDDBBBBBCBBDDBBBCBBBDDBBBBBBCDDBBBBBBCDDBBBBBBBCDDBBBBCCBDDBBBBBCCBDDBBBBBCCBDBDBCBBCCBDDBBBCCBBDBDCCHBBDCDBCCHBBBCBCCBBHDDBCBCCJBBDDBBCBCJDDCBBIBCJBDDCBBBICBDDCBBJIBCBDDCJBBICBDBDCBBJICBDDBJBJBICBDDBJBBJICBDDBJBJIBDDBCJJBBBDDIBCJJBBBIBBCJJBDDBHBJCJBBDDBBHCBJDDJBBHBCBJDDJBBHBCBDDJBJBHBCBDDJJBBHCBDDBBJJBHBBDDBJJBBHBBDDBJBJBHBBDDBJJBBDCDHBBJJBBDDHCBJJBBBCHBBJJBDDBCHBBJBJDDBCHBBBDDJBBHCBBBDDBJBCHBBDDBJBBCHBBDDJBBBHBBDDCBBJBHBBDDCJBBBHBBDDCJBBBBBBDCDBBJBDCDBJBBBBBDBCBJBBDBBCBBBJDDBCBIBJBDDBCBIBBDDJBBCIBDDBBBCBIBDDBBBBBIDDCBBBBBIDDCBBBBBIDDCBBBBIBDCDBBIIBBDCDBBBDDICBIBBBICIBBBDDBIIBIHBDDBIIBIHHDDHIIIHHDDBHIIHIDDHHHIIBHDDHHHIBHDIDHHHIBIDIDHHHIBIDDIHHHIBIDDIHHHIDDIBHHHDDIHBHIHIBIHHDDHIBHHDHIBDHHIBDHHHBDHHHBDHHBDBHHBDBHBBDHBDBHBDHBDBBHBBHDBHDBDHBDHBDBDDBDBDBDBDBBDBBBBBBBBBBHHHHHHHHHHHHHHHHHHHHHHHHHHHHHHHHHHHHHHHHHHHHHHHHHHHHHBBBBB,10,3,2,1
DBDBBBCCBBDBDBBBCBBCDBDBBBCCBDBDBBBBCBDCDBBBCBBDCBBBBCBBDCDBBBBCBBDCBBBDBCBDCBBDBBCBDBCBBBBDCBCDBCBBBDBDBCCBBCBDBDBCCBBBDBDBBCCBBBDBDBBCCBDBBBDBBCCBDBBDBBBCCBBDDBBBCCBBDBBBBCCBDBDBBBBCCBDBBBBDCCBDBBBBBDCBDBBCBBBDCBDBBCBCBDBDBCCBBBCDBDBBCBCBDBDBBBCBBCDBDBBCIBCBDBDBBBIBDCDBBBBIBCDBDBHBIBBBDBHBCBIBDBDBBCHBBIDBBCHDIBBDBBJBHDBBDBBIBJHDBBDBHBBHJDBDBBHJBHDBBDBHBBBJDBDBHHBBJBDBDBJBHBBJDBDBJHBJBDDBBJBHBBJDBBJHBBDBDBJJBBHBDDBBJJBBHBDBBJJDBHDBBBBJDJBBDBBHCJHDBBDBHBCHDJBDBBHCBHDJBDBBHCHBDBDBJBHCBHDBDJBBHCHDBBDBJHBHBDDCBJBBBBHDCBBBBBDBDCBHBBBBDBDCBHBBBBDBCBHDBBDBBCDBBBDBBBCBBDBDBBCBBBDDBBBBBBDDBBBBBBBDDBBBBBBBDDBBBBBBDDBBBBBDBBDBBBBBBDBBBBBBDDBBBBBBBDHBBBDIBDBHBBBDBDHBIBBBDBDBHIBBDBDBIBBBBHDDBIBBHDBDBBBIIBBDDBBIBBIHDDBBIBIHDDBBBIBIHDDBBBIIDBBBHDIDBBHBDIBHDBDBBDBHDBBDBHDBHBHDDBBDHHDBBHDDHBBHDDBHBHDDHBHDDBHBHDDHBBDBHHHDHBHHDBHHDHBHDHBHDBDBDBDBDBDDBBDBDHDHDHDHDHDHDHDHDHDDHHDHDHDHDHHHHBBBBBBBBBBBBBBB,10,4,4,1
DCBCBCBBDDBCBCBBCBDBCDCBBCBBDBDCBBBCCBDCDBBBCCBCDBBDBBBCCDBBDBBCBCDBBBDBCCBBDBBBDBBCBDBBBBBDCBBDBBBBDBBCBDBBBBDBCBBDBBBBDBBCBBBBDCDBBBBBBBDDBBCBCCBBDBDCBCCBBBDCBCDBBCBCDBBCDCBBBDBBCDBBBCDBBBCDBCBDBBBCDCBBCCDBBBDCBCBDBBCBDBBCCDBBCBDCBBCDBBBBDBBCIBBBDDCBJBIBBBDDCBBJIBBBDCBDJIBBBDBBJDIBCBBBDBJDICBBBDJBDICBBBBDBJDICBBDBBBJDICBBDBBBJDHBCBDBBJBDCBBHDBJBBDBCBHDBBJBDBCBHBBBDDJBJBHBBBDJDBJHBBBBDDJBJHBBBDBJBDHJBBBDBJDHJBBBBDBJDHJBBBDCJBDHJBBCDBJBDHJBBCDBBBDHJBBCDBBBDBJBHDBCBBDJBBHDCBBDJBBBHCBBDDBJBBHBBBDDJBBHBBBBDDBBHJBBDBBBDBJBBDBBDBJBBBBDBDBJBBBDBBDBJBBDBBBDBBBBDBBBDBBBBDBBBDBBBBDBBBDBBHBBBDDBBBHBBBDBDBBHBBBDDBBBBBBHDBDBBBBHDBBBDBBHBDBBDBBBBHDBBDBBHBBDBBDBBBIDBBBDBBBIBDBBDBBBIDBBBDBBIBDBBBDBBIBBBDDHBIBBDDBHIBBDDHHIBBDHDIHBDBHDBHBDBHDBBHDBHDBHDHBBBDHDHBBDBHDBBHDHDBHBDHDBHBDHBBDDHHBBDDHHBBDDHHBDBHBDBHBDBHBDBDBBDBBDBBDBDBBDHDHDDHDHHHHHHHHHHHHHHHHHHHHHHHHBBBBBBBBBB,10,5,4,1
DCDBBCBBDBCDBBCBBBBDDCBBBCBBDBDBBBCCBBDDBBCCBBBBDDBBCBDBDCBBBBCBBDDBCBBBCBBDDCBBBBBCBDBCBBBDBCBBCBBBDDCBBBCBBBDDBCBCBBBDBDCBBBBBBDCDBBBBBBBDCBDBBBBBBDDBBBBBBDBDBBBCBBBDDBBBCBBDDBBBBBBCBDDBBBBBBCBDDBBBBBBCBDBBBBBDCBBBBBBBDBDBBBBBBBDDBBBBBBDBDBBBBBBBBDBDBBBBBDBBDBBBBBBHDDBBBBBIBHDDBBBBIBHDDBBBBIHDDBBHBBBHDHDBBHBBBHHDDBBBBHBHHBBBHBDDBHHBBBHBDDBHHBBBHBDDBHJBBBHDDBHJBBBBBDDBHBBBDBBJDBHBBBJBDDBBBBHBBJDDBBBBBHJDDBBBBHBDBDBBBBBHBDDBBBBHBHBDBBHHBDBHBBBBHDHDHBBBBHBDHBHDBBBHBDHDBHBBBBDHBDHHBBBHDBBDHHBBHDBBBHDHBBDBBDHHBBHBDBBDBHBBDBBDBBBHDBBDBBBBHBDBBDBBBHDBBBBBBDBBBBDBBDBBBBBBDBDBBBBBBDBDBBBBBBDBDBBBBBBDBDBBBBBBBDBDBBBDBBDBBBBBBDBDBBBDBBBDBBBBDBBDBBBBBBDDBBBBBBDBBBBBDBBBHBBBDDBBBBHBDBBBDBHBBHDBDBBBBBDHDBBBBBDHBBBDBBBDBHBDBBDBBDHBBBBDDHBBDBBDBBHBBDDBBHBBDBBBDHBBBDBBBHBDBBHDBDBBBHDHDBBBHHDDBBHDHDBHBDHDBBHDDHBDHBDHBBDHHBBDHBDBBDBBBBBBBBBBBHBHBHBHBBHBHBHBHBHBHBHHBHBHBHBBHBHBHBHBHBHBHBHBBBBBBBBBBBBBBBBBBBBBBBBBBBBBBBBBBBBBBBBBBBBBBBBBBBBBBBBBBBBBBBBBBBBBBBBBBBBBBBBBBBBBBBBBBBBBBBBBBBBBBBBBBBBBBBBBBBBBBBBBBBBBBBBBBBBB,10,6,6,1
BBDBCCBBBBDBBDCCBBBBDBDBCCBBBBDBBCCBBBDDBBCBBCBDBDBBBCCBBDBDBCBBBCBDBDBCBBCBBDBDBBBBDBBDCBBBBBBDBDCBBBBBDBDBCBBBBBBDDBBBBBDBBBBBBBDBBBDBBBBBDBDBBBBBBBDBBBBBBDBDBBBBBBBBDBDBCBBBBDBDCBCBBBBDBDCCBBBDBBDCBCBBBDBBDBBCBBDBBBBDBCCDBBBDBBCBBDBBDBCCBBDBBBCBBBDBBDBBBCBBDBDBBBCBIBDBBBBBCDBDBIBBBCBDBDBBIBBBCDBDBBIBBBCBDDBBIBCBDDBBBBHCDBBDBBBBHCDBBDBBBHCBDBDBBBHBDBBBBDJHBBDBBBJBHBDBDBBBJBHBDBBBBBBDBDBBHBBBBDBDBHBBBBBDHDBBHBBBBDHDBBBHBBBDHDBHBBBDHDBBBHBBBDHDBBBHBBDBHDBBBHBBDBDBBBHHDBBBBBHHDBBBDBBBHHDBBDBBBBHHDBBBBBBDHDBHBBBJBDHDBHBBBJBDDBHBBBJBDDBBHBBBBDDBHBBDBDBBBHBBDBDBBBHBBDBDBBBHBBDBBBDBHBDBBBBBDBBBDBBBBDBBDBBBBBDBBHBBBDDBBBHBBBDDBBHBBBBDDBHBBBBBDDBHBBBBBDDBBBBHDDBBBBBBDIDBBBBBBIDDBBBBBDBIDBBBBIBDBBBDBDBIBBIDBDBBBIDBBBBDDBIBBHDDBIBBHDDBIBBHDDBIBHDDBBIBHDDBBBHDDBBHDBDBBDBDBHBDBHBBDBBHBDBBHBBBHDBBHBDBBBHDBBBHDBBHDBBBHDBBBHDBBHBDBBDHHBBDHBHBDHBHBHBHHHHHHHHHHHHHHHHHHHHHHHHHHHHHHHHHBBBBBB,10,7,6,1
DBCBBCBDBCDBCBBCBDCBBCBBCBDCBCBDBBCDBCDCBBCBDBCBDBBCBBDCCBBDCDBBCCBBDBBDBCCBBCDBBDCBBBCCDBDBCBBCBBDCDBBBBCBDBCDBCBCBBBBDDCBBBCDBBBCDBBBCBBDCBBBBCBBDBBDCBBCDBBBBDBCDBBCBDCBCBDCBBBCDBDCBBCBBCDDBBBBBBCDCDBBBBBCBCDDBBCBCDBCBDBICBBDBBCDIBBCBCDBBDBICBBBDBCDIBBCBBBDBICCBBDBBDBCIBCBDBBDCCBBDHBBBDCCBDBBHBBCDDBBHBBCBDCDBHBBCBBDBDHBBJBBDBBDHBBBBBBDBDHBBBBBDBBDBHBBBDBBBDBHBBBBBDBDHBBBBBBDBHBBBBDBBDHBBBBDBBBBDBBDBBHBBBDBBDBHBBBDBDBBHBBBBDBDBBHBBBBDBDHBBBIBBBDDHBBBIBDBBDBHBBIDBBBDHBBIBBBBDDBHBBIDBBBHBBBIDBBHBDBBIDBBDBBBDBBBBDBBBDBBBBDBBBDBBBBBDDBBBBBBBDDBBBBBBDBDBBBBBDBBDBBBBBDBBDBBBBBDBBDBBBBBDBBDBBBBBBDBBBBBDBBBDBBBBDBBBDBBDBBBBDBBBDBBBBDBBDBBBBBDBDBBBBBBDBBDBBBBDBBDBBHBBBDHDBHBDBHBDBBHBHDBDBBHBBDIDBHBDBIBBHDBIBDBHDBIBDHDBIBDBHDBIBDBDIBBHBDBDIBHDBDBHBDIBDBHBBIDDBHBIBDDHBDBBIDBHDBBIDBHBIBDBHDBIBDBHDBDBHBDBBDHBDBDBBBDBBBDBBBDBBBDBBBDBHDBBHBBHBBHBBBHBBHBBHBBHBBHBHBBHBBHBBHBBHBBHBHHHHHHHHHHHHHHHHHHHHBBBBBBB,10,8,8,1
DCBCDBBCBBDCCCBDBBBDCCDBBBCBBDCDBCBBCBBDCBBCBCDBBDCBCBCBBBDDCBCBCBBBDDBCBCCBBDBDBCBBCBBDBDCBBCBDBBCCBDBCDBBBCCDBBCBDBBCCDBBCBDBCBBDCDBBCCBBDBCDCBBBBBDCCDBBBBBBDCCBBBBBDBDCCBCBBBBDDCCBBCBBDBDBCCBCDBBBDBBBCBDBCBBDBCBCBDBBBCDBBCBBDBBDBBBCDBBBIDBBBDBBBCDBBDBBIBBCDBBDBBIBBCDBDBBHBBBCDBBHBBBDBCDBHBBBDBBCDBHBBBBBDCDHBBBBBDCBDHBBBBBDCBHDBBBBDCBBHBDBBDCBBBHBDBBDBBJBHDBBBDBBBBDBBBBDHBBBDBBDHBBBBBDBBDHBBBBBDBBHBBBDBBDBHBBBDBBBDHBBBBDBBBDHBBBBDBBBDBHBBBDBBBHDBBBDBBBBHDBBBDBBBBHDBBDBBBBHDIDBBBBBDIDBBHBBBDIDBBHBBBDIDBBHBBBDIBBBBDBBDIBBBDBBBDBBBIDBBBDBBBBDBBBDBBBDBBBBBDBBDBBBBBDBBDBBBBBDBBDBBBBBDBBDBBBBDBDBBBBBBDBDBBBBBBDBBBBBDBBDBBBBDBBBDBBBBDBBBDBBBBDBBBDBBBBDBBBDBBBBDBBBBDBBDBBBBBDBBDBBBBBDBBDBBBBDBDBBBBBBDDBBBBBBDDCBHBHBDBCIBDBHDCIBDHBBDCIBDBBHDBIBDBHBDBIBDBHBBDBDBIBHBDBDBBHIBDBDIHBBBDBDBHIHDDBIHBHDDBIHBHDDIHBBHDIHBDBHDIBDHBHDIBDHBHDIBDBHHDIBDBHDBDBIHDBDBHDBDBHBHBBHBBHBHBBHBBBBHBHBBHBBHBBBHBBHBBHBHBBBBBBBBBBBBBBBBBBBBBBBBBBBBBBBBBBBBBBBBBBBBBBBBBBBBBBBBBBBBBBBBBBBBBBBBHHHHHHHHHHHHHHHHHHHH,10,9,8,1
CDBDCCBBBBCBCCBDBDBBCBCCBBDBDBBCCBCBBDDBBCCBCDBDBBBCCCBDDBBBBCCDBDCBBBCCBDDBBCBBCCDDBCBBBBCCBDDCBBBBCDDBCCBBBBCDDBCBBBBBCBCBBDDBBCBCBBBDDBBBCCBBBDDBBBBCBBBDDBBBBBBBBDBBDBBBBBDDBBBBBBBDBDBBBBBBDBDBBBCBBBDDBIBBBCBBBDDIBBBCBDDBBIBBCBBDDBBHBBBCBBBHBDDBCBBBBHBDDBCBBBBHBDDBCBBBHBBDCBDBBBHBBDCBDBBBBBDDBHBBCBDBDBBHBCBBDBDHBBCBBBDDBHBBCBBBDDBBHBCBBDDBBHBBCBBDDBBBBHCBBBBBHDDBCBBBBHBDBDCBBBBHBDDBBBBBBHBDDBBBCBHBBDDBBCBBBDDBHBBBBBDCDBHBBIBBDCDHBBIBBBDDCBHBBBDBDIBHBBIDBDIBBBBIDDBBBBBBIBBBDDBBIBBBBDDBBBBBBBDDBBBBBBBDDBBBBBBBDDBBBBBBDBDBBBBBDDBBBBBBBDDBBBBBBBDDBBBBBBDDBBBBBBBDDBBBBBBBDDBBBBBBBBBBBDDBBBBBBDDBBBBBBBDDBBBBBBBDBDBBBBBBDBDBBBBBDBDBBBBBBDDBBBBBBDDBBBBBBBDBDBBBBBDDBBIBBBDBDBIBBBBBIDDBBBBBIDDBBBBBBBDDBBBBBDDBBBHBBDDBBBBHBDDBBBBHDDBBBHDDBBBIBDDBBIBBDDBBBBIDBDBBBDIDHBBHHIDDBHBHIDBDHBHIDDBHBIHBDDHBHIDDBHBHIBDDBHBDHBHDHBBHHDBBHDHBBHDHBBHDHBBHHBDHBHBDHBHBHBHBHBHBBHHBHHBHHHHHBHHHBHHHBHHHHBBBHHBBHHBBHBBHBBHBBHBBHBBHBHBBHBBHBBHBBHBBBB,10,10,0,1
